elapsed_seconds,app_cpu_percent,app_rss_kb,vtdecoder_cpu_percent,vtdecoder_rss_kb
0,0.0,100,0.0,0
1,16.6,35544,0.0,0
2,5.4,36108,0.0,0
3,6.4,36268,0.0,0
4,7.0,36204,0.0,0
5,8.9,36968,0.0,0
6,9.7,35816,0.0,0
7,9.0,35936,0.0,0
8,9.9,36100,0.0,0
9,8.5,35776,0.0,0
10,8.4,35860,0.0,0
11,8.6,35852,0.0,0
12,12.1,35876,0.0,0
13,8.5,37216,0.0,0
14,12.6,37848,0.0,0
15,3.7,38632,0.0,0
16,8.1,38700,0.0,0
17,12.2,38736,0.0,0
18,11.2,38792,0.0,0
19,8.0,38812,0.0,0
20,6.4,38972,0.0,0
21,6.2,39020,0.0,0
22,6.1,39064,0.0,0
23,3.8,39108,0.0,0
24,5.0,39212,0.0,0
25,7.6,39204,0.0,0
26,6.4,39212,0.0,0
27,5.6,39216,0.0,0
28,5.4,39212,0.0,0
29,5.1,39212,0.0,0
30,5.2,39236,0.0,0
31,6.6,39252,0.0,0
32,8.7,39260,0.0,0
33,7.5,39248,0.0,0
34,6.3,39252,0.0,0
35,6.4,39256,0.0,0
36,7.6,39296,0.0,0
37,8.2,39280,0.0,0
38,6.9,39352,0.0,0
39,7.5,39356,0.0,0
40,6.8,39364,0.0,0
41,5.8,39364,0.0,0
42,6.1,39416,0.0,0
43,5.0,39436,0.0,0
44,4.8,39436,0.0,0
45,5.3,39440,0.0,0
46,6.0,39448,0.0,0
47,8.8,39444,0.0,0
48,7.1,39396,0.0,0
49,6.0,39352,0.0,0
50,6.0,39352,0.0,0
51,6.3,39312,0.0,0
52,5.8,39332,0.0,0
53,11.8,39352,0.0,0
54,4.6,39352,0.0,0
55,7.8,38944,0.0,0
56,6.6,39360,0.0,0
57,6.5,39340,0.0,0
58,6.5,39348,0.0,0
59,11.2,39356,0.0,0
60,9.4,39400,0.0,0
61,10.3,39468,0.0,0
62,11.3,39480,0.0,0
63,5.7,39480,0.0,0
64,5.5,39488,0.0,0
65,5.5,39508,0.0,0
66,4.1,39508,0.0,0
67,6.8,39484,0.0,0
68,8.5,39500,0.0,0
69,6.2,39504,0.0,0
70,6.2,39504,0.0,0
71,7.8,39504,0.0,0
72,7.9,39512,0.0,0
73,8.2,39496,0.0,0
74,8.6,39596,0.0,0
75,6.3,39596,0.0,0
76,6.3,39600,0.0,0
77,4.6,39636,0.0,0
78,5.7,39592,0.0,0
79,8.9,39612,0.0,0
80,8.4,39612,0.0,0
81,7.6,39612,0.0,0
82,5.9,39620,0.0,0
83,8.1,39628,0.0,0
84,6.7,39644,0.0,0
85,6.6,39648,0.0,0
86,6.0,39648,0.0,0
87,5.5,39680,0.0,0
88,8.3,39676,0.0,0
89,8.7,39680,0.0,0
90,7.0,39696,0.0,0
91,6.3,39700,0.0,0
92,6.4,39728,0.0,0
93,6.5,39728,0.0,0
94,7.4,39736,0.0,0
95,6.6,39752,0.0,0
96,5.5,39720,0.0,0
97,7.6,39724,0.0,0
98,8.4,39740,0.0,0
99,5.6,39740,0.0,0
100,5.0,39740,0.0,0
101,6.2,39748,0.0,0
102,5.6,39752,0.0,0
103,6.4,39752,0.0,0
104,5.6,39756,0.0,0
105,6.9,39752,0.0,0
106,9.3,39796,0.0,0
107,6.5,39804,0.0,0
108,4.8,39808,0.0,0
109,5.5,39808,0.0,0
110,8.1,39764,0.0,0
111,7.0,39788,0.0,0
112,6.5,39788,0.0,0
113,7.1,39796,0.0,0
114,6.8,39796,0.0,0
115,7.2,39788,0.0,0
116,6.9,39692,0.0,0
117,8.6,39800,0.0,0
118,5.8,39800,0.0,0
119,7.6,39804,0.0,0
120,6.0,39828,0.0,0
121,4.7,39832,0.0,0
122,7.6,39836,0.0,0
123,7.7,39820,0.0,0
124,7.3,39856,0.0,0
125,6.3,39828,0.0,0
126,5.7,39828,0.0,0
127,7.3,39828,0.0,0
128,5.7,39852,0.0,0
129,5.5,39836,0.0,0
130,5.0,39860,0.0,0
131,6.6,39864,0.0,0
132,5.3,39868,0.0,0
133,7.6,39860,0.0,0
134,6.4,39892,0.0,0
135,6.5,39892,0.0,0
136,5.9,39900,0.0,0
137,6.1,39916,0.0,0
138,7.3,39900,0.0,0
139,5.5,39900,0.0,0
140,5.6,39860,0.0,0
141,4.5,39860,0.0,0
142,4.8,39904,0.0,0
143,5.2,39892,0.0,0
144,6.0,39912,0.0,0
145,6.3,39924,0.0,0
146,6.5,39916,0.0,0
147,5.8,39940,0.0,0
148,6.4,40048,0.0,0
149,5.8,40048,0.0,0
150,4.6,40048,0.0,0
151,4.5,40048,0.0,0
152,4.4,40048,0.0,0
153,5.5,40048,0.0,0
154,5.8,40052,0.0,0
155,7.1,40048,0.0,0
156,7.0,40056,0.0,0
157,5.7,40056,0.0,0
158,6.4,40036,0.0,0
159,6.4,40036,0.0,0
160,5.6,40088,0.0,0
161,6.8,40068,0.0,0
162,4.7,40068,0.0,0
163,4.2,40068,0.0,0
164,3.6,40072,0.0,0
165,6.9,40052,0.0,0
166,6.4,40052,0.0,0
167,6.6,40056,0.0,0
168,6.2,40056,0.0,0
169,6.5,40056,0.0,0
170,6.1,40064,0.0,0
171,6.2,40064,0.0,0
172,4.7,40064,0.0,0
173,4.7,40060,0.0,0
174,4.8,40104,0.0,0
175,5.2,40108,0.0,0
176,5.8,40108,0.0,0
177,6.2,40108,0.0,0
178,6.8,40080,0.0,0
179,6.5,40064,0.0,0
180,6.9,40068,0.0,0
181,5.2,40068,0.0,0
182,5.2,40068,0.0,0
183,4.6,40084,0.0,0
184,4.2,40092,0.0,0
185,5.0,40092,0.0,0
186,6.0,40108,0.0,0
187,5.8,40072,0.0,0
188,5.7,40088,0.0,0
189,6.4,40088,0.0,0
190,5.4,40056,0.0,0
191,4.1,40056,0.0,0
192,6.7,40104,0.0,0
193,5.3,40124,0.0,0
194,3.0,40124,0.0,0
195,2.0,40128,0.0,0
196,4.2,40128,0.0,0
197,5.9,40100,0.0,0
198,6.2,40068,0.0,0
199,6.9,40112,0.0,0
200,6.0,40112,0.0,0
201,6.4,40100,0.0,0
202,5.8,40140,0.0,0
203,5.6,40144,0.0,0
204,4.1,40144,0.0,0
205,3.7,40140,0.0,0
206,5.0,40104,0.0,0
207,5.5,40088,0.0,0
208,6.2,40088,0.0,0
209,6.1,40092,0.0,0
210,6.4,40092,0.0,0
211,6.6,40108,0.0,0
212,6.0,40108,0.0,0
213,5.8,40112,0.0,0
214,6.0,40112,0.0,0
215,6.4,40128,0.0,0
216,4.8,40112,0.0,0
217,5.5,40100,0.0,0
218,4.5,40100,0.0,0
219,5.2,40108,0.0,0
220,6.5,40108,0.0,0
221,5.9,40108,0.0,0
222,5.5,40108,0.0,0
223,5.5,40108,0.0,0
224,4.4,40164,0.0,0
225,5.8,40164,0.0,0
226,4.8,40164,0.0,0
227,4.6,40164,0.0,0
228,5.7,40176,0.0,0
229,6.0,40124,0.0,0
230,6.7,40136,0.0,0
231,6.4,40136,0.0,0
232,6.1,40136,0.0,0
233,6.7,40148,0.0,0
234,5.6,40148,0.0,0
235,5.6,40148,0.0,0
236,5.9,40144,0.0,0
237,5.8,40152,0.0,0
238,5.0,40152,0.0,0
239,4.8,40152,0.0,0
240,6.2,40128,0.0,0
241,5.2,40128,0.0,0
242,6.9,40196,0.0,0
243,6.4,40172,0.0,0
244,6.1,40172,0.0,0
245,5.9,40172,0.0,0
246,5.6,40112,0.0,0
247,5.9,40140,0.0,0
248,5.2,40152,0.0,0
249,4.2,40156,0.0,0
250,5.4,40160,0.0,0
251,6.0,40180,0.0,0
252,5.6,40156,0.0,0
253,6.2,40156,0.0,0
254,5.6,40156,0.0,0
255,6.7,40164,0.0,0
256,6.9,40168,0.0,0
257,5.5,40168,0.0,0
258,5.3,40168,0.0,0
259,4.6,40168,0.0,0
260,5.1,40172,0.0,0
261,4.7,40200,0.0,0
262,6.2,40176,0.0,0
263,6.2,40176,0.0,0
264,6.2,40176,0.0,0
265,6.7,40172,0.0,0
266,5.0,40156,0.0,0
267,6.1,40188,0.0,0
268,6.0,40172,0.0,0
269,5.8,40168,0.0,0
270,5.6,40192,0.0,0
271,5.1,40192,0.0,0
272,4.7,40192,0.0,0
273,5.5,40160,0.0,0
274,6.3,40212,0.0,0
275,6.4,40200,0.0,0
276,6.5,40200,0.0,0
277,5.8,40200,0.0,0
278,6.0,40184,0.0,0
279,6.1,40188,0.0,0
280,5.1,40204,0.0,0
281,4.2,40204,0.0,0
282,4.3,40204,0.0,0
283,5.7,40184,0.0,0
284,6.1,40216,0.0,0
285,6.2,40200,0.0,0
286,6.9,40200,0.0,0
287,7.1,40184,0.0,0
288,6.5,40200,0.0,0
289,6.6,40200,0.0,0
290,5.1,40176,0.0,0
291,5.5,40180,0.0,0
292,5.2,40208,0.0,0
293,4.9,40208,0.0,0
294,5.4,40208,0.0,0
295,6.2,40224,0.0,0
296,6.5,40212,0.0,0
297,6.2,40236,0.0,0
298,5.9,40220,0.0,0
299,6.6,40220,0.0,0
300,5.8,40220,0.0,0
301,6.7,40220,0.0,0
302,5.0,40220,0.0,0
303,4.7,40220,0.0,0
304,5.1,40204,0.0,0
305,5.6,40200,0.0,0
306,6.4,40236,0.0,0
307,6.6,40236,0.0,0
308,6.5,40200,0.0,0
309,6.1,40200,0.0,0
310,6.4,40260,0.0,0
311,6.3,40212,0.0,0
312,5.7,40228,0.0,0
313,5.5,40228,0.0,0
314,5.2,40228,0.0,0
315,3.8,40260,0.0,0
316,6.2,40264,0.0,0
317,6.6,40248,0.0,0
318,6.0,40248,0.0,0
319,6.3,40248,0.0,0
320,6.6,40264,0.0,0
321,6.0,40252,0.0,0
322,5.2,40252,0.0,0
323,5.6,40260,0.0,0
324,5.0,40296,0.0,0
325,3.6,40296,0.0,0
326,5.1,40300,0.0,0
327,5.8,40300,0.0,0
328,6.4,40256,0.0,0
329,6.9,40264,0.0,0
330,7.1,40272,0.0,0
331,7.0,40272,0.0,0
332,5.9,40272,0.0,0
333,5.9,40268,0.0,0
334,4.2,40268,0.0,0
335,4.1,40268,0.0,0
336,5.7,40264,0.0,0
337,6.0,40244,0.0,0
338,6.9,40284,0.0,0
339,6.5,40288,0.0,0
340,5.9,40288,0.0,0
341,5.1,40256,0.0,0
342,6.0,40304,0.0,0
343,6.1,40344,0.0,0
344,5.6,40344,0.0,0
345,5.7,40344,0.0,0
346,4.2,40292,0.0,0
347,4.5,40296,0.0,0
348,5.5,40296,0.0,0
349,6.0,40332,0.0,0
350,5.8,40332,0.0,0
351,7.4,40316,0.0,0
352,6.8,40320,0.0,0
353,5.6,40320,0.0,0
354,5.4,40320,0.0,0
355,6.4,40320,0.0,0
356,4.3,40344,0.0,0
357,5.4,40344,0.0,0
358,5.8,40348,0.0,0
359,6.5,40348,0.0,0
360,7.1,40332,0.0,0
361,6.9,40364,0.0,0
362,6.4,40360,0.0,0
363,6.7,40360,0.0,0
364,5.9,40360,0.0,0
365,6.2,40356,0.0,0
366,5.9,40356,0.0,0
367,5.7,40352,0.0,0
368,4.6,40368,0.0,0
369,5.4,40336,0.0,0
370,5.5,40352,0.0,0
371,6.1,40352,0.0,0
372,6.2,40352,0.0,0
373,5.9,40332,0.0,0
374,6.8,40364,0.0,0
375,5.9,40432,0.0,0
376,5.6,40432,0.0,0
377,4.9,40436,0.0,0
378,4.0,40452,0.0,0
379,5.5,40448,0.0,0
380,6.6,40436,0.0,0
381,5.8,40436,0.0,0
382,6.7,40436,0.0,0
383,6.9,40456,0.0,0
384,5.3,40464,0.0,0
385,5.5,40440,0.0,0
386,5.7,40432,0.0,0
387,6.3,40436,0.0,0
388,6.1,40436,0.0,0
389,5.6,40436,0.0,0
390,3.5,40436,0.0,0
391,4.8,40436,0.0,0
392,6.2,40444,0.0,0
393,6.7,40436,0.0,0
394,5.7,40436,0.0,0
395,6.1,40436,0.0,0
396,4.4,40432,0.0,0
397,6.6,40444,0.0,0
398,5.7,40440,0.0,0
399,5.4,40440,0.0,0
400,4.0,40440,0.0,0
401,5.6,40440,0.0,0
402,5.3,40448,0.0,0
403,4.6,40448,0.0,0
404,6.3,40432,0.0,0
405,7.4,40428,0.0,0
406,6.3,40448,0.0,0
407,6.6,40448,0.0,0
408,5.6,40448,0.0,0
409,5.5,40448,0.0,0
410,5.9,40448,0.0,0
411,5.9,40456,0.0,0
412,4.8,40428,0.0,0
413,6.4,40404,0.0,0
414,6.4,40404,0.0,0
415,6.7,40432,0.0,0
416,6.0,40432,0.0,0
417,6.4,40464,0.0,0
418,5.6,40468,0.0,0
419,5.8,40468,0.0,0
420,4.7,40508,0.0,0
421,4.7,40428,0.0,0
422,4.5,40432,0.0,0
423,5.4,40444,0.0,0
424,6.3,40488,0.0,0
425,6.0,40476,0.0,0
426,6.5,40476,0.0,0
427,6.6,40476,0.0,0
428,6.3,40460,0.0,0
429,6.0,40460,0.0,0
430,6.2,40496,0.0,0
431,4.4,40496,0.0,0
432,3.3,40496,0.0,0
433,5.0,40460,0.0,0
434,5.7,40476,0.0,0
435,6.1,40480,0.0,0
436,6.0,40460,0.0,0
437,6.3,40460,0.0,0
438,6.5,40460,0.0,0
439,4.9,40464,0.0,0
440,4.9,40464,0.0,0
441,4.9,40464,0.0,0
442,4.0,40496,0.0,0
443,5.1,40488,0.0,0
444,3.8,40488,0.0,0
445,5.0,40432,0.0,0
446,5.4,40432,0.0,0
447,6.4,40484,0.0,0
448,5.9,40472,0.0,0
449,6.8,40476,0.0,0
450,5.1,40476,0.0,0
451,5.6,40484,0.0,0
452,5.1,40484,0.0,0
453,4.6,40484,0.0,0
454,3.9,40484,0.0,0
455,4.2,40476,0.0,0
456,5.1,40480,0.0,0
457,5.9,40496,0.0,0
458,6.0,40496,0.0,0
459,5.9,40496,0.0,0
460,6.0,40484,0.0,0
461,5.5,40468,0.0,0
462,5.0,40468,0.0,0
463,5.5,40468,0.0,0
464,5.6,40468,0.0,0
465,5.8,40488,0.0,0
466,5.4,40488,0.0,0
467,6.2,40476,0.0,0
468,5.4,40476,0.0,0
469,6.1,40476,0.0,0
470,6.2,40484,0.0,0
471,6.3,40484,0.0,0
472,5.5,40476,0.0,0
473,5.7,40472,0.0,0
474,5.4,40532,0.0,0
475,4.8,40496,0.0,0
476,4.1,40496,0.0,0
477,4.7,40500,0.0,0
478,5.0,40464,0.0,0
479,6.2,40496,0.0,0
480,6.8,40480,0.0,0
481,5.5,40500,0.0,0
482,5.9,40500,0.0,0
483,6.5,40500,0.0,0
484,5.9,40484,0.0,0
485,4.9,40484,0.0,0
486,4.0,40508,0.0,0
487,5.3,40504,0.0,0
488,5.1,40496,0.0,0
489,6.2,40480,0.0,0
490,6.4,40480,0.0,0
491,6.4,40480,0.0,0
492,6.1,40528,0.0,0
493,5.7,40524,0.0,0
494,5.9,40464,0.0,0
495,5.5,40464,0.0,0
496,5.8,40484,0.0,0
497,4.9,40500,0.0,0
498,5.5,40492,0.0,0
499,6.1,40508,0.0,0
500,5.8,40508,0.0,0
501,6.2,40528,0.0,0
502,6.4,40512,0.0,0
503,5.4,40512,0.0,0
504,5.1,40496,0.0,0
505,6.7,40516,0.0,0
506,5.5,40508,0.0,0
507,5.6,40508,0.0,0
508,4.7,40508,0.0,0
509,4.3,40508,0.0,0
510,5.3,40492,0.0,0
511,6.0,40532,0.0,0
512,5.9,40536,0.0,0
513,6.2,40536,0.0,0
514,5.8,40536,0.0,0
515,6.2,40528,0.0,0
516,4.9,40528,0.0,0
517,5.9,40508,0.0,0
518,4.4,40528,0.0,0
519,5.3,40512,0.0,0
520,4.7,40520,0.0,0
521,5.8,40520,0.0,0
522,5.6,40520,0.0,0
523,5.9,40492,0.0,0
524,6.9,40524,0.0,0
525,6.3,40524,0.0,0
526,5.8,40524,0.0,0
527,6.5,40524,0.0,0
528,6.3,40504,0.0,0
529,5.3,40528,0.0,0
530,5.4,40536,0.0,0
531,5.5,40512,0.0,0
532,6.1,40492,0.0,0
533,6.4,40524,0.0,0
534,5.0,40540,0.0,0
535,6.1,40540,0.0,0
536,6.4,40520,0.0,0
537,5.9,40544,0.0,0
538,6.3,40548,0.0,0
539,5.4,40548,0.0,0
540,4.3,40548,0.0,0
541,4.4,40548,0.0,0
542,4.8,40568,0.0,0
543,5.5,40568,0.0,0
544,6.2,40520,0.0,0
545,6.2,40520,0.0,0
546,6.1,40528,0.0,0
547,6.1,40532,0.0,0
548,6.4,40532,0.0,0
549,5.7,40532,0.0,0
550,4.9,40532,0.0,0
551,5.3,40560,0.0,0
552,4.0,40536,0.0,0
553,4.3,40536,0.0,0
554,5.8,40536,0.0,0
555,7.0,40532,0.0,0
556,5.7,40584,0.0,0
557,6.2,40584,0.0,0
558,5.6,40584,0.0,0
559,4.6,40532,0.0,0
560,5.1,40580,0.0,0
561,3.8,40560,0.0,0
562,4.7,40560,0.0,0
563,5.5,40560,0.0,0
564,5.0,40532,0.0,0
565,6.8,40556,0.0,0
566,5.7,40556,0.0,0
567,6.8,40556,0.0,0
568,5.9,40556,0.0,0
569,6.5,40560,0.0,0
570,5.7,40560,0.0,0
571,5.7,40560,0.0,0
572,4.9,40560,0.0,0
573,5.3,40576,0.0,0
574,5.4,40588,0.0,0
575,6.3,40564,0.0,0
576,6.3,40564,0.0,0
577,5.5,40536,0.0,0
578,5.9,40560,0.0,0
579,6.2,40560,0.0,0
580,6.2,40580,0.0,0
581,5.5,40580,0.0,0
582,4.8,40580,0.0,0
583,4.9,40584,0.0,0
584,4.3,40572,0.0,0
585,5.2,40556,0.0,0
586,5.8,40576,0.0,0
587,6.4,40556,0.0,0
588,6.3,40572,0.0,0
589,6.1,40544,0.0,0
590,5.6,40544,0.0,0
591,5.5,40544,0.0,0
592,6.3,40616,0.0,0
593,5.5,40604,0.0,0
594,4.0,40604,0.0,0
595,4.1,40604,0.0,0
596,5.4,40604,0.0,0
597,6.2,40572,0.0,0
598,6.5,40568,0.0,0
599,6.3,40592,0.0,0
600,6.2,40548,0.0,0
601,7.0,40592,0.0,0
602,5.9,40592,0.0,0
603,5.7,40592,0.0,0
604,5.0,40580,0.0,0
605,5.7,40596,0.0,0
606,5.7,40572,0.0,0
607,6.4,40572,0.0,0
608,6.0,40576,0.0,0
609,5.6,40576,0.0,0
610,6.5,40584,0.0,0
611,6.3,40596,0.0,0
612,5.0,40568,0.0,0
613,6.0,40568,0.0,0
614,6.1,40572,0.0,0
615,6.3,40612,0.0,0
616,4.9,40596,0.0,0
617,4.4,40596,0.0,0
618,4.7,40600,0.0,0
619,6.1,40588,0.0,0
620,6.3,40588,0.0,0
621,6.2,40588,0.0,0
622,5.4,40664,0.0,0
623,6.1,40584,0.0,0
624,5.3,40592,0.0,0
625,5.0,40592,0.0,0
626,3.6,40592,0.0,0
627,4.6,40592,0.0,0
628,4.6,40580,0.0,0
629,6.0,40600,0.0,0
630,5.9,40584,0.0,0
631,5.9,40564,0.0,0
632,6.0,40564,0.0,0
633,7.3,40600,0.0,0
634,5.3,40608,0.0,0
635,6.0,40608,0.0,0
636,4.5,40604,0.0,0
637,5.1,40608,0.0,0
638,5.7,40604,0.0,0
639,6.1,40580,0.0,0
640,6.5,40584,0.0,0
641,5.8,40588,0.0,0
642,5.7,40644,0.0,0
643,5.0,40620,0.0,0
644,5.7,40620,0.0,0
645,5.8,40620,0.0,0
646,5.8,40604,0.0,0
647,4.6,40620,0.0,0
648,5.5,40608,0.0,0
649,4.6,40596,0.0,0
650,5.3,40596,0.0,0
651,6.8,40616,0.0,0
652,6.0,40616,0.0,0
653,5.3,40620,0.0,0
654,5.4,40620,0.0,0
655,5.4,40648,0.0,0
656,5.6,40644,0.0,0
657,5.6,40644,0.0,0
658,4.8,40644,0.0,0
659,3.6,40644,0.0,0
660,4.6,40644,0.0,0
661,5.6,40636,0.0,0
662,5.4,40644,0.0,0
663,6.1,40592,0.0,0
664,5.7,40592,0.0,0
665,6.4,40628,0.0,0
666,5.4,40628,0.0,0
667,6.1,40648,0.0,0
668,5.2,40632,0.0,0
669,4.2,40628,0.0,0
670,4.5,40648,0.0,0
671,5.3,40604,0.0,0
672,5.7,40596,0.0,0
673,5.5,40616,0.0,0
674,7.0,40652,0.0,0
675,6.1,40628,0.0,0
676,6.3,40628,0.0,0
677,6.2,40628,0.0,0
678,5.1,40628,0.0,0
679,6.1,40652,0.0,0
680,5.9,40640,0.0,0
681,5.2,40640,0.0,0
682,5.1,40640,0.0,0
683,6.3,40660,0.0,0
684,4.4,40676,0.0,0
685,5.7,40676,0.0,0
686,5.7,40636,0.0,0
687,6.3,40636,0.0,0
688,6.1,40636,0.0,0
689,5.8,40636,0.0,0
690,4.1,40636,0.0,0
691,4.7,40636,0.0,0
692,4.3,40684,0.0,0
693,5.1,40708,0.0,0
694,5.3,40708,0.0,0
695,6.4,40652,0.0,0
696,6.6,40672,0.0,0
697,6.1,40676,0.0,0
698,6.5,40656,0.0,0
699,6.3,40660,0.0,0
700,5.0,40660,0.0,0
701,5.1,40660,0.0,0
702,4.2,40660,0.0,0
703,3.8,40660,0.0,0
704,5.8,40660,0.0,0
705,7.1,40660,0.0,0
706,5.9,40668,0.0,0
707,6.5,40668,0.0,0
708,6.1,40672,0.0,0
709,5.0,40672,0.0,0
710,5.9,40696,0.0,0
711,6.4,40664,0.0,0
712,5.6,40680,0.0,0
713,4.8,40680,0.0,0
714,4.5,40684,0.0,0
715,5.1,40676,0.0,0
716,5.3,40692,0.0,0
717,6.6,40692,0.0,0
718,6.2,40692,0.0,0
719,6.3,40692,0.0,0
720,6.2,40696,0.0,0
721,5.4,40696,0.0,0
722,4.5,40700,0.0,0
723,4.7,40700,0.0,0
724,5.3,40704,0.0,0
725,5.1,40704,0.0,0
726,5.5,40704,0.0,0
727,5.6,40704,0.0,0
728,5.2,40700,0.0,0
729,5.9,40696,0.0,0
730,6.8,40712,0.0,0
731,6.4,40712,0.0,0
732,5.3,40712,0.0,0
733,5.4,40712,0.0,0
734,5.0,40708,0.0,0
735,4.8,40708,0.0,0
736,4.3,40752,0.0,0
737,5.9,40712,0.0,0
738,5.9,40740,0.0,0
739,6.5,40740,0.0,0
740,6.1,40740,0.0,0
741,5.5,40740,0.0,0
742,6.1,40756,0.0,0
743,4.9,40764,0.0,0
744,4.2,40764,0.0,0
745,4.3,40764,0.0,0
746,4.4,40700,0.0,0
747,5.5,40724,0.0,0
748,6.3,40704,0.0,0
749,6.8,40740,0.0,0
750,5.7,40740,0.0,0
751,6.9,40744,0.0,0
752,5.6,40764,0.0,0
753,5.8,40764,0.0,0
754,5.4,40764,0.0,0
755,6.8,40756,0.0,0
756,4.4,40736,0.0,0
757,5.7,40736,0.0,0
758,6.2,40736,0.0,0
759,5.9,40736,0.0,0
760,6.2,40736,0.0,0
761,6.7,40772,0.0,0
762,5.2,40752,0.0,0
763,5.2,40752,0.0,0
764,5.6,40756,0.0,0
765,6.0,40760,0.0,0
766,5.1,40744,0.0,0
767,4.8,40728,0.0,0
768,5.1,40740,0.0,0
769,5.3,40724,0.0,0
770,6.4,40740,0.0,0
771,6.5,40740,0.0,0
772,5.4,40740,0.0,0
773,6.6,40720,0.0,0
774,5.6,40772,0.0,0
775,5.4,40740,0.0,0
776,5.8,40744,0.0,0
777,4.5,40744,0.0,0
778,5.3,40760,0.0,0
779,6.4,40744,0.0,0
780,6.5,40724,0.0,0
781,6.2,40740,0.0,0
782,6.7,40740,0.0,0
783,7.0,40748,0.0,0
784,6.3,40748,0.0,0
785,6.0,40748,0.0,0
786,6.2,40736,0.0,0
787,5.3,40744,0.0,0
788,5.2,40736,0.0,0
789,4.1,40740,0.0,0
790,4.0,40740,0.0,0
791,5.0,40732,0.0,0
792,5.9,40736,0.0,0
793,5.6,40736,0.0,0
794,5.8,40736,0.0,0
795,6.1,40736,0.0,0
796,5.3,40708,0.0,0
797,5.4,40736,0.0,0
798,5.4,40740,0.0,0
799,4.3,40752,0.0,0
800,4.5,40752,0.0,0
801,6.2,40756,0.0,0
802,6.2,40756,0.0,0
803,6.2,40756,0.0,0
804,6.0,40760,0.0,0
805,5.9,40772,0.0,0
806,6.5,40800,0.0,0
807,6.0,40800,0.0,0
808,6.0,40800,0.0,0
809,5.7,40800,0.0,0
810,5.5,40756,0.0,0
811,5.6,40784,0.0,0
812,5.9,40788,0.0,0
813,5.6,40792,0.0,0
814,5.9,40792,0.0,0
815,7.0,40768,0.0,0
816,5.6,40768,0.0,0
817,6.4,40776,0.0,0
818,5.8,40784,0.0,0
819,5.4,40792,0.0,0
820,5.5,40792,0.0,0
821,5.1,40792,0.0,0
822,3.7,40792,0.0,0
823,5.0,40744,0.0,0
824,5.6,40800,0.0,0
825,6.0,40788,0.0,0
826,6.2,40788,0.0,0
827,5.9,40788,0.0,0
828,6.1,40772,0.0,0
829,6.1,40756,0.0,0
830,5.9,40788,0.0,0
831,5.2,40788,0.0,0
832,4.4,40788,0.0,0
833,5.3,40772,0.0,0
834,4.6,40772,0.0,0
835,6.0,40772,0.0,0
836,6.7,40784,0.0,0
837,6.3,40772,0.0,0
838,6.1,40796,0.0,0
839,6.7,40796,0.0,0
840,5.2,40796,0.0,0
841,4.9,40796,0.0,0
842,4.2,40808,0.0,0
843,5.3,40804,0.0,0
844,4.4,40804,0.0,0
845,6.3,40804,0.0,0
846,6.3,40752,0.0,0
847,6.0,40808,0.0,0
848,6.3,40780,0.0,0
849,6.7,40800,0.0,0
850,5.7,40800,0.0,0
851,6.4,40780,0.0,0
852,5.2,40780,0.0,0
853,4.6,40780,0.0,0
854,4.7,40780,0.0,0
855,6.2,40780,0.0,0
856,6.8,40796,0.0,0
857,6.7,40780,0.0,0
858,6.2,40780,0.0,0
859,5.0,40784,0.0,0
860,6.1,40804,0.0,0
861,5.2,40780,0.0,0
862,5.7,40784,0.0,0
863,5.9,40784,0.0,0
864,5.0,40784,0.0,0
865,4.6,40800,0.0,0
866,5.2,40800,0.0,0
867,6.5,40788,0.0,0
868,6.2,40788,0.0,0
869,6.0,40788,0.0,0
870,6.0,40788,0.0,0
871,5.6,40788,0.0,0
872,5.6,40772,0.0,0
873,5.6,40772,0.0,0
874,5.7,40840,0.0,0
875,4.9,40756,0.0,0
876,4.6,40756,0.0,0
877,4.5,40756,0.0,0
878,5.6,40760,0.0,0
879,6.1,40808,0.0,0
880,6.2,40828,0.0,0
881,5.7,40812,0.0,0
882,4.6,40816,0.0,0
883,5.8,40796,0.0,0
884,5.0,40796,0.0,0
885,4.4,40780,0.0,0
886,4.3,40796,0.0,0
887,5.4,40796,0.0,0
888,5.6,40804,0.0,0
889,6.2,40804,0.0,0
890,6.2,40804,0.0,0
891,5.5,40804,0.0,0
892,6.8,40832,0.0,0
893,6.4,40832,0.0,0
894,5.2,40832,0.0,0
895,4.7,40832,0.0,0
896,5.4,40796,0.0,0
897,5.4,40804,0.0,0
898,5.8,40776,0.0,0
899,6.8,40824,0.0,0
900,6.0,40828,0.0,0
901,7.0,40808,0.0,0
902,6.2,40848,0.0,0
903,5.2,40848,0.0,0
904,5.1,40832,0.0,0
905,6.4,40832,0.0,0
906,5.3,40804,0.0,0
907,5.4,40804,0.0,0
908,4.5,40772,0.0,0
909,3.9,40772,0.0,0
910,5.2,40796,0.0,0
911,6.3,40832,0.0,0
912,5.9,40804,0.0,0
913,5.4,40804,0.0,0
914,5.6,40804,0.0,0
915,6.5,40824,0.0,0
916,5.0,40824,0.0,0
917,5.4,40812,0.0,0
918,4.2,40836,0.0,0
919,4.8,40828,0.0,0
920,5.6,40812,0.0,0
921,5.9,40816,0.0,0
922,5.3,40816,0.0,0
923,6.2,40816,0.0,0
924,6.6,40852,0.0,0
925,5.8,40824,0.0,0
926,5.8,40824,0.0,0
927,5.6,40824,0.0,0
928,3.2,40828,0.0,0
929,4.6,40836,0.0,0
930,6.0,40860,0.0,0
931,6.1,40828,0.0,0
932,6.2,40828,0.0,0
933,7.0,40872,0.0,0
934,5.1,40872,0.0,0
935,6.2,40856,0.0,0
936,6.3,40840,0.0,0
937,6.3,40844,0.0,0
938,5.3,40852,0.0,0
939,3.5,40852,0.0,0
940,5.4,40852,0.0,0
941,5.3,40852,0.0,0
942,6.4,40884,0.0,0
943,6.0,40868,0.0,0
944,5.4,40868,0.0,0
945,6.0,40868,0.0,0
946,6.7,40852,0.0,0
947,5.8,40860,0.0,0
948,6.0,40864,0.0,0
949,6.0,40844,0.0,0
950,5.4,40844,0.0,0
951,5.2,40864,0.0,0
952,4.8,40848,0.0,0
953,4.6,40848,0.0,0
954,5.5,40848,0.0,0
955,7.1,40844,0.0,0
956,6.8,40868,0.0,0
957,6.1,40872,0.0,0
958,3.4,40872,0.0,0
959,4.3,40868,0.0,0
960,5.4,40848,0.0,0
961,4.7,41016,0.0,0
962,5.1,41028,0.0,0
963,5.5,41028,0.0,0
964,5.8,41024,0.0,0
965,6.5,41036,0.0,0
966,5.2,41016,0.0,0
967,7.0,41044,0.0,0
968,6.3,41028,0.0,0
969,6.3,41076,0.0,0
970,5.3,41052,0.0,0
971,5.0,41052,0.0,0
972,3.7,41052,0.0,0
973,5.0,41044,0.0,0
974,6.4,41076,0.0,0
975,6.6,41072,0.0,0
976,4.5,41076,0.0,0
977,6.5,41072,0.0,0
978,5.8,41060,0.0,0
979,6.9,41056,0.0,0
980,6.1,41076,0.0,0
981,6.0,41076,0.0,0
982,5.8,41076,0.0,0
983,5.4,41068,0.0,0
984,4.6,41068,0.0,0
985,5.8,41068,0.0,0
986,6.5,41088,0.0,0
987,6.5,41048,0.0,0
988,6.3,41088,0.0,0
989,6.3,41088,0.0,0
990,5.5,41088,0.0,0
991,5.6,41084,0.0,0
992,6.7,41092,0.0,0
993,5.9,41100,0.0,0
994,4.2,41100,0.0,0
995,4.5,41100,0.0,0
996,4.3,41096,0.0,0
997,6.2,41088,0.0,0
998,6.2,41048,0.0,0
999,6.7,41088,0.0,0
1000,6.0,41092,0.0,0
1001,6.4,41088,0.0,0
1002,5.0,41092,0.0,0
1003,5.9,41092,0.0,0
1004,4.7,41096,0.0,0
1005,4.5,41060,0.0,0
1006,5.6,41064,0.0,0
1007,5.6,41064,0.0,0
1008,5.3,41064,0.0,0
1009,5.9,41064,0.0,0
1010,6.4,41088,0.0,0
1011,6.5,41076,0.0,0
1012,5.7,41100,0.0,0
1013,5.2,41100,0.0,0
1014,5.5,41100,0.0,0
1015,5.0,41096,0.0,0
1016,4.1,41096,0.0,0
1017,6.5,41060,0.0,0
1018,6.1,41068,0.0,0
1019,5.7,41072,0.0,0
1020,6.3,41080,0.0,0
1021,6.6,41080,0.0,0
1022,6.0,41080,0.0,0
1023,6.2,41080,0.0,0
1024,6.3,41104,0.0,0
1025,5.6,41108,0.0,0
1026,5.2,41108,0.0,0
1027,5.9,41108,0.0,0
1028,4.0,41076,0.0,0
1029,5.8,41100,0.0,0
1030,5.8,41076,0.0,0
1031,6.7,41076,0.0,0
1032,9.2,41080,0.0,0
1033,8.2,41096,0.0,0
1034,6.2,41096,0.0,0
1035,6.0,41080,0.0,0
1036,5.4,41080,0.0,0
1037,4.4,41108,0.0,0
1038,4.1,41104,0.0,0
1039,5.5,41104,0.0,0
1040,5.5,41104,0.0,0
1041,5.7,41104,0.0,0
1042,7.0,41128,0.0,0
1043,6.3,41120,0.0,0
1044,5.4,41124,0.0,0
1045,5.7,41124,0.0,0
1046,5.1,41096,0.0,0
1047,3.6,41116,0.0,0
1048,3.7,41116,0.0,0
1049,5.2,41120,0.0,0
1050,6.1,41120,0.0,0
1051,7.1,41120,0.0,0
1052,6.3,41120,0.0,0
1053,6.2,41120,0.0,0
1054,5.5,41120,0.0,0
1055,6.7,41136,0.0,0
1056,5.5,41116,0.0,0
1057,5.7,41116,0.0,0
1058,5.2,41116,0.0,0
1059,4.4,41120,0.0,0
1060,4.8,41104,0.0,0
1061,5.6,41116,0.0,0
1062,6.5,41140,0.0,0
1063,5.8,41144,0.0,0
1064,6.0,41144,0.0,0
1065,6.6,41104,0.0,0
1066,5.3,41104,0.0,0
1067,6.0,41120,0.0,0
1068,5.3,41120,0.0,0
1069,4.6,41108,0.0,0
1070,5.3,41128,0.0,0
1071,5.9,41128,0.0,0
1072,6.2,41128,0.0,0
1073,6.7,41104,0.0,0
1074,6.5,41120,0.0,0
1075,6.3,41104,0.0,0
1076,5.9,41104,0.0,0
1077,5.6,41104,0.0,0
1078,6.4,41100,0.0,0
1079,5.3,41124,0.0,0
1080,5.9,41124,0.0,0
1081,4.4,41124,0.0,0
1082,6.1,41128,0.0,0
1083,6.7,41136,0.0,0
1084,6.4,41116,0.0,0
1085,5.6,41116,0.0,0
1086,5.8,41112,0.0,0
1087,6.3,41116,0.0,0
1088,6.0,41116,0.0,0
1089,5.6,41116,0.0,0
1090,3.9,41116,0.0,0
1091,4.2,41116,0.0,0
1092,5.0,41136,0.0,0
1093,5.4,41120,0.0,0
1094,5.3,41120,0.0,0
1095,6.5,41120,0.0,0
1096,6.2,41104,0.0,0
1097,7.1,41136,0.0,0
1098,6.5,41104,0.0,0
1099,6.1,41112,0.0,0
1100,6.3,41112,0.0,0
1101,6.3,41104,0.0,0
1102,4.0,41116,0.0,0
1103,4.6,41116,0.0,0
1104,5.0,41116,0.0,0
1105,5.7,41124,0.0,0
1106,7.2,41120,0.0,0
1107,5.9,41104,0.0,0
1108,5.8,41104,0.0,0
1109,5.3,41104,0.0,0
1110,6.4,41132,0.0,0
1111,2.3,41124,0.0,0
1112,2.0,41132,0.0,0
1113,4.7,41132,0.0,0
1114,5.6,41132,0.0,0
1115,6.1,41132,0.0,0
1116,6.3,41132,0.0,0
1117,6.6,41132,0.0,0
1118,6.5,41132,0.0,0
1119,6.3,41132,0.0,0
1120,6.4,41132,0.0,0
1121,5.7,41120,0.0,0
1122,4.9,41120,0.0,0
1123,5.4,41136,0.0,0
1124,4.8,41160,0.0,0
1125,3.5,41136,0.0,0
1126,5.6,41136,0.0,0
1127,6.7,41136,0.0,0
1128,6.6,41140,0.0,0
1129,6.4,41148,0.0,0
1130,6.3,41156,0.0,0
1131,6.1,41156,0.0,0
1132,5.3,41156,0.0,0
1133,6.1,41144,0.0,0
1134,3.9,41144,0.0,0
1135,4.6,41144,0.0,0
1136,5.7,41156,0.0,0
1137,6.9,41120,0.0,0
1138,6.8,41140,0.0,0
1139,6.6,41140,0.0,0
1140,5.1,41144,0.0,0
1141,5.6,41144,0.0,0
1142,6.8,41176,0.0,0
1143,5.9,41180,0.0,0
1144,5.3,41180,0.0,0
1145,5.2,41180,0.0,0
1146,4.1,41180,0.0,0
1147,6.7,41144,0.0,0
1148,6.5,41140,0.0,0
1149,6.3,41168,0.0,0
1150,5.4,41176,0.0,0
1151,6.9,41168,0.0,0
1152,5.1,41188,0.0,0
1153,4.8,41188,0.0,0
1154,5.5,41188,0.0,0
1155,5.4,41164,0.0,0
1156,4.3,41148,0.0,0
1157,6.3,41148,0.0,0
1158,6.3,41148,0.0,0
1159,6.0,41152,0.0,0
1160,7.0,41152,0.0,0
1161,5.7,41156,0.0,0
1162,6.3,41176,0.0,0
1163,6.3,41176,0.0,0
1164,6.0,41176,0.0,0
1165,6.6,41156,0.0,0
1166,4.8,41156,0.0,0
1167,6.6,41152,0.0,0
1168,6.6,41152,0.0,0
1169,6.6,41152,0.0,0
1170,6.8,41152,0.0,0
1171,5.8,41152,0.0,0
1172,5.7,41152,0.0,0
1173,6.5,41152,0.0,0
1174,6.3,41184,0.0,0
1175,6.3,41132,0.0,0
1176,5.6,41132,0.0,0
1177,4.5,41132,0.0,0
1178,4.1,41152,0.0,0
1179,5.4,41156,0.0,0
1180,6.2,41152,0.0,0
1181,6.4,41152,0.0,0
1182,5.8,41152,0.0,0
1183,5.8,41152,0.0,0
1184,6.3,41152,0.0,0
1185,6.1,41152,0.0,0
1186,5.4,41152,0.0,0
1187,4.7,41172,0.0,0
1188,4.1,41164,0.0,0
1189,5.2,41164,0.0,0
1190,5.4,41164,0.0,0
1191,6.1,41164,0.0,0
1192,7.2,41192,0.0,0
1193,6.7,41192,0.0,0
1194,5.9,41192,0.0,0
1195,5.9,41192,0.0,0
1196,5.8,41156,0.0,0
1197,6.2,41148,0.0,0
1198,5.4,41172,0.0,0
1199,4.6,41184,0.0,0
1200,3.6,41184,0.0,0
1201,5.3,41188,0.0,0
1202,6.6,41172,0.0,0
1203,5.8,41172,0.0,0
1204,5.8,41172,0.0,0
1205,5.7,41188,0.0,0
1206,5.7,41188,0.0,0
1207,6.2,41188,0.0,0
1208,5.7,41188,0.0,0
1209,4.5,41188,0.0,0
1210,4.5,41148,0.0,0
1211,4.1,41192,0.0,0
1212,5.5,41216,0.0,0
1213,5.8,41216,0.0,0
1214,3.9,41216,0.0,0
1215,1.4,41184,0.0,0
1216,1.2,41208,0.0,0
1217,2.2,41208,0.0,0
1218,3.4,41184,0.0,0
1219,3.6,41152,0.0,0
1220,3.6,41136,0.0,0
1221,2.6,41132,0.0,0
1222,2.7,41132,0.0,0
1223,3.5,41132,0.0,0
1224,5.7,41164,0.0,0
1225,5.1,41168,0.0,0
1226,5.8,41152,0.0,0
1227,5.6,41152,0.0,0
1228,6.2,41192,0.0,0
1229,5.6,41160,0.0,0
1230,5.5,41204,0.0,0
1231,4.1,41204,0.0,0
1232,4.6,41204,0.0,0
1233,5.5,41216,0.0,0
1234,5.5,41204,0.0,0
1235,5.8,41204,0.0,0
1236,5.8,41172,0.0,0
1237,5.5,41156,0.0,0
1238,6.3,41172,0.0,0
1239,6.3,41172,0.0,0
1240,5.6,41172,0.0,0
1241,3.5,41176,0.0,0
1242,4.8,41172,0.0,0
1243,5.5,41200,0.0,0
1244,6.3,41200,0.0,0
1245,6.5,41204,0.0,0
1246,5.7,41152,0.0,0
1247,7.4,41192,0.0,0
1248,6.3,41164,0.0,0
1249,6.1,41172,0.0,0
1250,5.5,41172,0.0,0
1251,6.2,41172,0.0,0
1252,5.4,41180,0.0,0
1253,4.6,41176,0.0,0
1254,3.8,41176,0.0,0
1255,5.6,41172,0.0,0
1256,6.3,41176,0.0,0
1257,6.8,41176,0.0,0
1258,6.5,41176,0.0,0
1259,5.8,41176,0.0,0
1260,6.1,41172,0.0,0
1261,6.4,41176,0.0,0
1262,5.1,41184,0.0,0
1263,4.3,41184,0.0,0
1264,4.5,41184,0.0,0
1265,5.1,41188,0.0,0
1266,6.3,41204,0.0,0
1267,6.6,41208,0.0,0
1268,6.0,41192,0.0,0
1269,6.3,41192,0.0,0
1270,6.1,41192,0.0,0
1271,6.2,41192,0.0,0
1272,5.0,41196,0.0,0
1273,5.7,41172,0.0,0
1274,6.2,41184,0.0,0
1275,5.1,41184,0.0,0
1276,5.1,41152,0.0,0
1277,5.0,41152,0.0,0
1278,6.9,41180,0.0,0
1279,6.7,41188,0.0,0
1280,6.8,41192,0.0,0
1281,5.7,41192,0.0,0
1282,5.7,41192,0.0,0
1283,5.6,41192,0.0,0
1284,4.7,41192,0.0,0
1285,4.4,41192,0.0,0
1286,5.4,41188,0.0,0
1287,5.5,41188,0.0,0
1288,6.7,41208,0.0,0
1289,6.2,41208,0.0,0
1290,5.5,41208,0.0,0
1291,6.0,41208,0.0,0
1292,6.7,41220,0.0,0
1293,5.9,41212,0.0,0
1294,5.8,41212,0.0,0
1295,5.4,41216,0.0,0
1296,5.0,41200,0.0,0
1297,4.8,41200,0.0,0
1298,6.4,41172,0.0,0
1299,7.4,41220,0.0,0
1300,5.9,41220,0.0,0
1301,7.0,41216,0.0,0
1302,6.0,41196,0.0,0
1303,5.8,41196,0.0,0
1304,5.5,41180,0.0,0
1305,6.1,41208,0.0,0
1306,5.0,41196,0.0,0
1307,4.5,41196,0.0,0
1308,4.1,41196,0.0,0
1309,5.3,41196,0.0,0
1310,7.0,41196,0.0,0
1311,6.9,41224,0.0,0
1312,5.0,41216,0.0,0
1313,5.8,41216,0.0,0
1314,5.2,41216,0.0,0
1315,6.2,41200,0.0,0
1316,5.9,41200,0.0,0
1317,5.9,41196,0.0,0
1318,5.1,41220,0.0,0
1319,7.1,41200,0.0,0
1320,6.3,41200,0.0,0
1321,6.4,41200,0.0,0
1322,5.6,41200,0.0,0
1323,6.0,41196,0.0,0
1324,6.0,41220,0.0,0
1325,5.4,41204,0.0,0
1326,5.6,41204,0.0,0
1327,5.3,41204,0.0,0
1328,4.9,41216,0.0,0
1329,5.2,41196,0.0,0
1330,5.7,41200,0.0,0
1331,5.5,41200,0.0,0
1332,5.9,41200,0.0,0
1333,5.6,41228,0.0,0
1334,6.0,41244,0.0,0
1335,6.5,41244,0.0,0
1336,5.5,41224,0.0,0
1337,6.0,41244,0.0,0
1338,4.6,41228,0.0,0
1339,4.6,41228,0.0,0
1340,5.0,41228,0.0,0
1341,5.6,41232,0.0,0
1342,6.3,41232,0.0,0
1343,6.4,41232,0.0,0
1344,5.6,41232,0.0,0
1345,5.4,41232,0.0,0
1346,5.2,41216,0.0,0
1347,6.2,41228,0.0,0
1348,5.9,41228,0.0,0
1349,5.5,41228,0.0,0
1350,4.0,41228,0.0,0
1351,4.5,41228,0.0,0
1352,2.8,41236,0.0,0
1353,5.1,41236,0.0,0
1354,5.0,41236,0.0,0
1355,6.2,41220,0.0,0
1356,5.3,41248,0.0,0
1357,5.8,41248,0.0,0
1358,5.3,41252,0.0,0
1359,5.3,41252,0.0,0
1360,5.5,41236,0.0,0
1361,4.4,41220,0.0,0
1362,3.8,41220,0.0,0
1363,4.7,41220,0.0,0
1364,6.4,41220,0.0,0
1365,5.8,41228,0.0,0
1366,6.1,41232,0.0,0
1367,6.3,41272,0.0,0
1368,5.9,41260,0.0,0
1369,6.0,41256,0.0,0
1370,5.8,41236,0.0,0
1371,5.5,41236,0.0,0
1372,5.1,41236,0.0,0
1373,4.9,41232,0.0,0
1374,4.8,41300,0.0,0
1375,6.1,41212,0.0,0
1376,6.0,41212,0.0,0
1377,4.6,41212,0.0,0
1378,6.2,41240,0.0,0
1379,5.9,41240,0.0,0
1380,5.9,41272,0.0,0
1381,5.4,41272,0.0,0
1382,5.3,41272,0.0,0
1383,4.9,41260,0.0,0
1384,4.1,41260,0.0,0
1385,5.2,41260,0.0,0
1386,6.1,41252,0.0,0
1387,6.0,41236,0.0,0
1388,6.7,41244,0.0,0
1389,5.1,41244,0.0,0
1390,5.5,41244,0.0,0
1391,5.2,41248,0.0,0
1392,5.6,41260,0.0,0
1393,4.2,41264,0.0,0
1394,4.5,41264,0.0,0
1395,5.5,41264,0.0,0
1396,5.8,41264,0.0,0
1397,6.9,41260,0.0,0
1398,6.4,41240,0.0,0
1399,6.4,41260,0.0,0
1400,5.8,41260,0.0,0
1401,6.2,41260,0.0,0
1402,4.6,41260,0.0,0
1403,5.3,41260,0.0,0
1404,5.2,41260,0.0,0
1405,4.6,41244,0.0,0
1406,4.3,41244,0.0,0
1407,5.3,41244,0.0,0
1408,5.6,41244,0.0,0
1409,5.8,41244,0.0,0
1410,6.5,41264,0.0,0
1411,6.3,41240,0.0,0
1412,5.3,41240,0.0,0
1413,5.6,41240,0.0,0
1414,5.0,41240,0.0,0
1415,5.2,41240,0.0,0
1416,6.8,41232,0.0,0
1417,5.4,41240,0.0,0
1418,6.3,41240,0.0,0
1419,6.6,41240,0.0,0
1420,6.1,41240,0.0,0
1421,6.2,41240,0.0,0
1422,5.5,41232,0.0,0
1423,5.7,41228,0.0,0
1424,5.9,41280,0.0,0
1425,4.6,41252,0.0,0
1426,5.0,41252,0.0,0
1427,4.5,41252,0.0,0
1428,6.0,41244,0.0,0
1429,6.3,41228,0.0,0
1430,6.2,41224,0.0,0
1431,6.2,41224,0.0,0
1432,6.4,41224,0.0,0
1433,6.0,41244,0.0,0
1434,5.5,41244,0.0,0
1435,5.6,41244,0.0,0
1436,5.5,41228,0.0,0
1437,4.8,41256,0.0,0
1438,4.4,41256,0.0,0
1439,4.9,41256,0.0,0
1440,4.6,41260,0.0,0
1441,5.8,41260,0.0,0
1442,6.8,41248,0.0,0
1443,6.3,41272,0.0,0
1444,6.0,41272,0.0,0
1445,5.4,41272,0.0,0
1446,5.0,41232,0.0,0
1447,4.9,41256,0.0,0
1448,4.5,41264,0.0,0
1449,5.6,41256,0.0,0
1450,5.4,41256,0.0,0
1451,6.9,41272,0.0,0
1452,5.2,41272,0.0,0
1453,5.8,41272,0.0,0
1454,5.6,41272,0.0,0
1455,6.5,41268,0.0,0
1456,6.1,41252,0.0,0
1457,6.6,41224,0.0,0
1458,5.4,41224,0.0,0
1459,4.5,41224,0.0,0
1460,6.3,41232,0.0,0
1461,5.3,41264,0.0,0
1462,5.2,41264,0.0,0
1463,5.8,41264,0.0,0
1464,4.9,41268,0.0,0
1465,6.4,41264,0.0,0
1466,5.6,41264,0.0,0
1467,6.0,41256,0.0,0
1468,5.0,41276,0.0,0
1469,4.7,41268,0.0,0
1470,4.5,41256,0.0,0
1471,5.3,41264,0.0,0
1472,5.8,41256,0.0,0
1473,6.1,41248,0.0,0
1474,6.7,41284,0.0,0
1475,6.3,41228,0.0,0
1476,5.9,41228,0.0,0
1477,5.0,41228,0.0,0
1478,5.7,41288,0.0,0
1479,6.0,41236,0.0,0
1480,5.3,41232,0.0,0
1481,4.8,41232,0.0,0
1482,5.5,41232,0.0,0
1483,5.8,41268,0.0,0
1484,5.5,41264,0.0,0
1485,6.5,41264,0.0,0
1486,6.0,41228,0.0,0
1487,6.4,41252,0.0,0
1488,5.8,41256,0.0,0
1489,5.9,41256,0.0,0
1490,5.3,41256,0.0,0
1491,4.7,41256,0.0,0
1492,4.1,41260,0.0,0
1493,5.0,41260,0.0,0
1494,5.8,41260,0.0,0
1495,5.6,41260,0.0,0
1496,5.5,41260,0.0,0
1497,5.6,41260,0.0,0
1498,6.2,41252,0.0,0
1499,5.5,41260,0.0,0
1500,4.9,41260,0.0,0
1501,5.2,41260,0.0,0
1502,3.6,41260,0.0,0
1503,4.5,41260,0.0,0
1504,5.1,41260,0.0,0
1505,5.8,41260,0.0,0
1506,6.1,41260,0.0,0
1507,6.1,41260,0.0,0
1508,4.9,41260,0.0,0
1509,5.1,41260,0.0,0
1510,6.4,41276,0.0,0
1511,6.1,41260,0.0,0
1512,4.0,41260,0.0,0
1513,4.8,41264,0.0,0
1514,5.4,41264,0.0,0
1515,5.9,41260,0.0,0
1516,6.3,41260,0.0,0
1517,6.6,41260,0.0,0
1518,5.7,41244,0.0,0
1519,6.5,41280,0.0,0
1520,6.1,41276,0.0,0
1521,5.6,41276,0.0,0
1522,5.2,41276,0.0,0
1523,5.7,41252,0.0,0
1524,5.0,41356,0.0,0
1525,4.6,41332,0.0,0
1526,5.4,41332,0.0,0
1527,5.0,41332,0.0,0
1528,6.2,41328,0.0,0
1529,6.3,41308,0.0,0
1530,5.9,41296,0.0,0
1531,5.4,41312,0.0,0
1532,2.9,41316,0.0,0
1533,5.1,41328,0.0,0
1534,3.8,41328,0.0,0
1535,4.9,41328,0.0,0
1536,5.4,41316,0.0,0
1537,5.9,41284,0.0,0
1538,6.6,41312,0.0,0
1539,5.3,41312,0.0,0
1540,5.7,41312,0.0,0
1541,5.9,41312,0.0,0
1542,5.7,41344,0.0,0
1543,5.6,41344,0.0,0
1544,5.2,41288,0.0,0
1545,5.3,41288,0.0,0
1546,4.8,41328,0.0,0
1547,6.7,41316,0.0,0
1548,6.3,41316,0.0,0
1549,6.1,41336,0.0,0
1550,6.0,41336,0.0,0
1551,6.5,41340,0.0,0
1552,4.7,41320,0.0,0
1553,5.1,41320,0.0,0
1554,4.9,41320,0.0,0
1555,5.4,41344,0.0,0
1556,4.1,41324,0.0,0
1557,4.6,41324,0.0,0
1558,5.7,41324,0.0,0
1559,5.2,41324,0.0,0
1560,5.8,41320,0.0,0
1561,6.6,41308,0.0,0
1562,5.0,41328,0.0,0
1563,5.8,41328,0.0,0
1564,5.5,41328,0.0,0
1565,5.2,41316,0.0,0
1566,4.1,41316,0.0,0
1567,5.3,41316,0.0,0
1568,6.1,41340,0.0,0
1569,6.4,41324,0.0,0
1570,6.9,41324,0.0,0
1571,5.7,41324,0.0,0
1572,5.4,41324,0.0,0
1573,5.3,41308,0.0,0
1574,6.5,41328,0.0,0
1575,6.1,41284,0.0,0
1576,4.9,41284,0.0,0
1577,4.4,41284,0.0,0
1578,4.7,41308,0.0,0
1579,4.6,41332,0.0,0
1580,4.8,41316,0.0,0
1581,6.2,41316,0.0,0
1582,6.1,41316,0.0,0
1583,6.1,41320,0.0,0
1584,5.2,41320,0.0,0
1585,5.7,41320,0.0,0
1586,5.5,41320,0.0,0
1587,5.4,41348,0.0,0
1588,4.2,41328,0.0,0
1589,4.7,41328,0.0,0
1590,4.5,41328,0.0,0
1591,5.4,41328,0.0,0
1592,6.6,41364,0.0,0
1593,6.0,41316,0.0,0
1594,5.8,41316,0.0,0
1595,6.0,41316,0.0,0
1596,4.4,41300,0.0,0
1597,5.9,41332,0.0,0
1598,6.4,41336,0.0,0
1599,5.1,41348,0.0,0
1600,5.3,41348,0.0,0
1601,6.8,41332,0.0,0
1602,6.1,41332,0.0,0
1603,5.3,41332,0.0,0
1604,5.9,41332,0.0,0
1605,6.8,41328,0.0,0
1606,6.1,41328,0.0,0
1607,5.7,41328,0.0,0
1608,5.3,41328,0.0,0
1609,4.7,41328,0.0,0
1610,5.3,41312,0.0,0
1611,4.7,41340,0.0,0
1612,4.3,41356,0.0,0
1613,5.1,41356,0.0,0
1614,5.9,41356,0.0,0
1615,5.8,41336,0.0,0
1616,6.0,41336,0.0,0
1617,6.1,41348,0.0,0
1618,6.0,41348,0.0,0
1619,6.3,41356,0.0,0
1620,5.2,41332,0.0,0
1621,3.7,41332,0.0,0
1622,4.4,41332,0.0,0
1623,6.1,41316,0.0,0
1624,5.8,41368,0.0,0
1625,6.1,41340,0.0,0
1626,5.8,41340,0.0,0
1627,5.8,41340,0.0,0
1628,5.8,41340,0.0,0
1629,5.4,41340,0.0,0
1630,3.5,41344,0.0,0
1631,3.9,41344,0.0,0
1632,4.3,41344,0.0,0
1633,5.2,41368,0.0,0
1634,5.5,41356,0.0,0
1635,6.5,41360,0.0,0
1636,6.4,41352,0.0,0
1637,6.4,41320,0.0,0
1638,6.4,41336,0.0,0
1639,5.6,41336,0.0,0
1640,5.0,41336,0.0,0
1641,5.5,41336,0.0,0
1642,5.9,41324,0.0,0
1643,4.6,41368,0.0,0
1644,3.9,41368,0.0,0
1645,5.8,41368,0.0,0
1646,5.2,41332,0.0,0
1647,6.6,41356,0.0,0
1648,6.2,41336,0.0,0
1649,5.9,41340,0.0,0
1650,5.5,41340,0.0,0
1651,6.5,41336,0.0,0
1652,4.0,41336,0.0,0
1653,4.4,41336,0.0,0
1654,3.6,41336,0.0,0
1655,4.7,41376,0.0,0
1656,4.7,41336,0.0,0
1657,6.2,41336,0.0,0
1658,6.4,41336,0.0,0
1659,5.2,41336,0.0,0
1660,6.3,41360,0.0,0
1661,6.4,41348,0.0,0
1662,4.9,41348,0.0,0
1663,4.7,41348,0.0,0
1664,3.6,41348,0.0,0
1665,4.8,41344,0.0,0
1666,5.8,41344,0.0,0
1667,6.6,41328,0.0,0
1668,6.1,41312,0.0,0
1669,6.3,41348,0.0,0
1670,6.1,41344,0.0,0
1671,5.7,41344,0.0,0
1672,5.6,41344,0.0,0
1673,4.8,41364,0.0,0
1674,4.3,41376,0.0,0
1675,4.9,41320,0.0,0
1676,5.4,41328,0.0,0
1677,5.0,41320,0.0,0
1678,6.8,41344,0.0,0
1679,6.7,41344,0.0,0
1680,6.3,41344,0.0,0
1681,5.6,41344,0.0,0
1682,5.8,41344,0.0,0
1683,5.9,41348,0.0,0
1684,5.0,41348,0.0,0
1685,5.5,41352,0.0,0
1686,4.3,41372,0.0,0
1687,4.9,41332,0.0,0
1688,5.2,41380,0.0,0
1689,6.3,41380,0.0,0
1690,5.2,41380,0.0,0
1691,5.8,41364,0.0,0
1692,6.3,41380,0.0,0
1693,6.2,41372,0.0,0
1694,5.5,41372,0.0,0
1695,5.1,41372,0.0,0
1696,3.7,41336,0.0,0
1697,4.8,41376,0.0,0
1698,5.1,41352,0.0,0
1699,5.7,41400,0.0,0
1700,5.8,41400,0.0,0
1701,6.6,41408,0.0,0
1702,5.5,41396,0.0,0
1703,5.7,41356,0.0,0
1704,4.8,41356,0.0,0
1705,5.7,41340,0.0,0
1706,4.3,41344,0.0,0
1707,5.0,41344,0.0,0
1708,5.1,41344,0.0,0
1709,5.4,41348,0.0,0
1710,6.7,41340,0.0,0
1711,7.3,41364,0.0,0
1712,5.4,41340,0.0,0
1713,6.0,41340,0.0,0
1714,5.6,41340,0.0,0
1715,5.0,41344,0.0,0
1716,5.8,41344,0.0,0
1717,6.4,41324,0.0,0
1718,4.3,41344,0.0,0
1719,5.4,41328,0.0,0
1720,5.1,41328,0.0,0
1721,4.9,41328,0.0,0
1722,5.6,41328,0.0,0
1723,5.7,41320,0.0,0
1724,6.3,41360,0.0,0
1725,5.4,41360,0.0,0
1726,5.7,41360,0.0,0
1727,5.5,41360,0.0,0
1728,5.1,41336,0.0,0
1729,4.7,41324,0.0,0
1730,5.7,41340,0.0,0
1731,5.5,41340,0.0,0
1732,5.9,41340,0.0,0
1733,5.5,41340,0.0,0
1734,5.3,41344,0.0,0
1735,6.0,41344,0.0,0
1736,6.0,41344,0.0,0
1737,5.9,41344,0.0,0
1738,6.2,41344,0.0,0
1739,5.4,41328,0.0,0
1740,4.1,41328,0.0,0
1741,5.4,41328,0.0,0
1742,7.0,41396,0.0,0
1743,6.0,41348,0.0,0
1744,6.1,41348,0.0,0
1745,6.5,41348,0.0,0
1746,6.3,41344,0.0,0
1747,6.3,41344,0.0,0
1748,6.1,41324,0.0,0
1749,5.3,41312,0.0,0
1750,4.6,41312,0.0,0
1751,4.5,41340,0.0,0
1752,4.4,41340,0.0,0
1753,4.9,41340,0.0,0
1754,5.4,41340,0.0,0
1755,6.9,41352,0.0,0
1756,6.1,41360,0.0,0
1757,6.0,41336,0.0,0
1758,5.8,41340,0.0,0
1759,5.4,41340,0.0,0
1760,4.8,41348,0.0,0
1761,3.7,41372,0.0,0
1762,4.5,41372,0.0,0
1763,5.3,41372,0.0,0
1764,4.7,41372,0.0,0
1765,6.2,41368,0.0,0
1766,5.6,41368,0.0,0
1767,7.0,41368,0.0,0
1768,5.0,41348,0.0,0
1769,6.4,41368,0.0,0
1770,5.6,41368,0.0,0
1771,3.9,41368,0.0,0
1772,4.5,41352,0.0,0
1773,5.7,41308,0.0,0
1774,6.7,41364,0.0,0
1775,6.1,41308,0.0,0
1776,6.3,41308,0.0,0
1777,6.1,41308,0.0,0
1778,6.0,41332,0.0,0
1779,6.2,41340,0.0,0
1780,6.2,41360,0.0,0
1781,5.4,41360,0.0,0
1782,4.8,41360,0.0,0
1783,4.5,41396,0.0,0
1784,4.3,41372,0.0,0
1785,5.3,41372,0.0,0
1786,5.8,41352,0.0,0
1787,6.1,41336,0.0,0
1788,6.7,41356,0.0,0
1789,5.8,41356,0.0,0
1790,4.9,41356,0.0,0
1791,5.2,41356,0.0,0
1792,5.4,41348,0.0,0
1793,4.5,41380,0.0,0
1794,4.2,41380,0.0,0
1795,5.1,41380,0.0,0
1796,6.1,41328,0.0,0
1797,6.4,41388,0.0,0
1798,6.5,41352,0.0,0
1799,6.0,41372,0.0,0
1800,5.5,41372,0.0,0
