elapsed_seconds,scenario,rustdesk_cpu_percent,rustdesk_rss_kb,windowserver_cpu_percent,windowserver_rss_kb,videotoolboxd_cpu_percent,videotoolboxd_rss_kb,vt_encoder_xpc_cpu_percent,vt_encoder_xpc_rss_kb,thermal_pressure,power_source
0,normal,31.1,282288,32.0,429872,0.0,0,1.1,29200,nominal,AC Power
1,normal,40.7,282352,42.4,433536,0.0,0,0.9,29200,nominal,AC Power
2,normal,35.5,282432,42.0,433968,0.0,0,1.0,29200,nominal,AC Power
3,normal,37.3,282528,50.6,433968,0.0,0,1.0,29200,nominal,AC Power
4,normal,39.0,282592,38.5,434512,0.0,0,1.1,29200,nominal,AC Power
5,normal,36.5,282656,43.0,435296,0.0,0,1.2,29200,nominal,AC Power
6,normal,34.9,282752,36.9,435648,0.0,0,1.4,29200,nominal,AC Power
8,normal,31.6,282816,46.1,436128,0.0,0,0.9,29200,nominal,AC Power
9,normal,33.7,282880,30.5,436128,0.0,0,1.1,29200,nominal,AC Power
10,normal,36.6,282992,33.7,436320,0.0,0,1.1,29200,nominal,AC Power
11,normal,34.9,283040,35.7,436400,0.0,0,1.2,29200,nominal,AC Power
12,normal,36.9,283680,36.5,436432,0.0,0,1.3,29200,nominal,AC Power
13,normal,35.6,283760,38.6,436448,0.0,0,1.3,29200,nominal,AC Power
15,normal,35.7,283824,37.7,436528,0.0,0,1.1,29200,nominal,AC Power
16,normal,33.3,283920,34.0,436528,0.0,0,1.1,29200,nominal,AC Power
17,normal,36.5,283968,35.4,436640,0.0,0,1.3,29200,nominal,AC Power
18,normal,35.9,284064,38.8,436672,0.0,0,1.2,29200,nominal,AC Power
19,normal,36.0,284128,37.9,436448,0.0,0,1.3,29200,nominal,AC Power
20,normal,34.0,284208,37.6,436704,0.0,0,1.3,29200,nominal,AC Power
21,normal,36.4,284288,38.1,436704,0.0,0,1.1,29200,nominal,AC Power
23,normal,34.5,284336,38.4,436528,0.0,0,1.1,29216,nominal,AC Power
24,normal,34.7,284400,36.1,436688,0.0,0,1.1,29216,nominal,AC Power
25,normal,34.1,284496,30.7,436704,0.0,0,1.1,29216,nominal,AC Power
26,normal,33.8,284544,36.2,436784,0.0,0,1.1,29216,nominal,AC Power
27,normal,33.3,284624,35.4,437008,0.0,0,1.1,29216,nominal,AC Power
28,normal,35.4,284704,39.1,437008,0.0,0,1.2,29216,nominal,AC Power
29,normal,33.7,284784,37.5,437008,0.0,0,1.3,29216,nominal,AC Power
31,normal,34.3,285280,41.7,437168,0.0,0,1.3,29216,nominal,AC Power
32,normal,36.8,285344,37.9,437344,0.0,0,1.2,29216,nominal,AC Power
33,normal,38.1,285440,35.7,437104,0.0,0,1.1,29184,nominal,AC Power
34,normal,37.1,283344,35.0,436176,0.0,0,1.1,29088,nominal,AC Power
35,normal,32.8,283376,37.6,436192,0.0,0,1.2,29088,nominal,AC Power
36,normal,36.1,283456,34.5,436304,0.0,0,1.1,29088,nominal,AC Power
38,normal,36.6,283536,37.0,436320,0.0,0,1.1,29088,nominal,AC Power
39,normal,33.2,285264,38.5,436304,0.0,0,1.2,29088,nominal,AC Power
40,normal,32.9,285376,35.1,436320,0.0,0,1.2,29088,nominal,AC Power
41,normal,33.5,285472,38.2,436592,0.0,0,1.1,29088,nominal,AC Power
42,normal,32.3,285232,39.3,435216,0.0,0,1.1,29056,nominal,AC Power
43,normal,31.3,284400,38.6,426112,0.0,0,1.2,28864,nominal,AC Power
44,normal,36.6,284304,34.4,429632,0.0,0,1.2,28880,nominal,AC Power
46,normal,32.2,286864,41.1,464128,0.0,0,1.0,28800,nominal,AC Power
47,normal,39.5,287168,52.8,469360,0.0,0,1.3,28896,nominal,AC Power
48,normal,34.2,287296,31.6,470128,0.0,0,1.1,28896,nominal,AC Power
49,normal,36.0,287408,41.3,470848,0.0,0,1.2,28848,nominal,AC Power
50,normal,32.1,285200,35.9,475856,0.0,0,1.2,28880,nominal,AC Power
51,normal,38.6,285248,43.7,475840,0.0,0,1.0,28832,nominal,AC Power
53,normal,39.0,285248,45.4,475920,0.0,0,1.0,28832,nominal,AC Power
54,normal,35.5,285312,51.5,475968,0.0,0,1.0,28864,nominal,AC Power
55,normal,36.3,282480,42.0,470448,0.0,0,1.1,28864,nominal,AC Power
56,normal,36.1,281712,32.3,467760,0.0,0,1.3,28928,nominal,AC Power
57,normal,36.8,277952,37.1,454208,0.0,0,1.2,28496,nominal,AC Power
58,normal,32.1,278496,40.9,461392,0.0,0,1.1,28912,nominal,AC Power
60,normal,36.9,278752,33.4,462016,0.0,0,1.3,28912,nominal,AC Power
61,normal,34.2,278976,40.6,464032,0.0,0,1.3,28912,nominal,AC Power
62,normal,37.3,279232,40.1,464144,0.0,0,1.1,28912,nominal,AC Power
63,normal,35.9,279440,39.2,464304,0.0,0,1.1,28912,nominal,AC Power
64,normal,35.8,279568,45.0,467024,0.0,0,1.3,28912,nominal,AC Power
65,normal,32.9,279696,38.3,469344,0.0,0,1.2,28912,nominal,AC Power
66,normal,37.4,280864,48.7,469280,0.0,0,1.3,28928,nominal,AC Power
68,normal,36.5,280928,42.7,469472,0.0,0,1.1,28928,nominal,AC Power
69,normal,38.4,281040,46.8,470464,0.0,0,1.0,28944,nominal,AC Power
70,normal,39.6,281136,45.2,470960,0.0,0,1.1,28944,nominal,AC Power
71,normal,31.8,281184,35.4,471008,0.0,0,1.2,28944,nominal,AC Power
72,normal,36.1,281248,43.7,471136,0.0,0,1.1,28944,nominal,AC Power
73,normal,33.4,281328,38.2,471152,0.0,0,1.0,28944,nominal,AC Power
75,normal,32.8,281376,43.3,471728,0.0,0,1.0,28944,nominal,AC Power
76,normal,36.2,281456,36.7,472544,0.0,0,1.2,28944,nominal,AC Power
77,normal,37.3,281568,44.2,472768,0.0,0,1.1,28944,nominal,AC Power
78,normal,40.5,281632,45.9,473280,0.0,0,1.0,28944,nominal,AC Power
79,normal,35.9,281696,39.8,473360,0.0,0,1.2,28944,nominal,AC Power
80,normal,39.0,281824,44.0,473216,0.0,0,1.0,28960,nominal,AC Power
82,normal,33.2,281840,37.7,472960,0.0,0,1.2,28960,nominal,AC Power
83,normal,37.8,281904,43.5,472960,0.0,0,1.0,28960,nominal,AC Power
84,normal,32.5,282000,32.6,473152,0.0,0,1.2,28960,nominal,AC Power
85,normal,36.4,282464,43.1,473056,0.0,0,1.1,28960,nominal,AC Power
86,normal,33.8,282528,47.7,473072,0.0,0,0.9,28960,nominal,AC Power
87,normal,34.8,282592,36.4,473504,0.0,0,1.1,28960,nominal,AC Power
88,normal,38.6,282688,45.0,473872,0.0,0,1.1,28960,nominal,AC Power
90,normal,31.9,282736,52.2,473856,0.0,0,1.2,28960,nominal,AC Power
91,normal,37.2,282800,51.7,473936,0.0,0,0.9,28960,nominal,AC Power
92,normal,36.6,282896,42.2,473936,0.0,0,0.9,28960,nominal,AC Power
93,normal,33.4,282960,40.7,473968,0.0,0,1.0,28960,nominal,AC Power
94,normal,36.0,283024,37.4,474016,0.0,0,1.0,28976,nominal,AC Power
95,normal,33.4,283136,36.3,473664,0.0,0,1.1,28976,nominal,AC Power
97,normal,31.7,283200,37.3,473872,0.0,0,1.2,29024,nominal,AC Power
98,normal,33.8,282000,39.2,458576,0.0,0,1.1,29024,nominal,AC Power
99,normal,36.0,281088,44.5,451488,0.0,0,1.0,29024,nominal,AC Power
100,normal,30.1,280800,38.1,449024,0.0,0,1.3,29024,nominal,AC Power
101,normal,34.2,280896,31.4,449072,0.0,0,1.3,29024,nominal,AC Power
102,normal,34.9,281424,40.4,448944,0.0,0,1.2,29024,nominal,AC Power
104,normal,31.5,281216,27.0,442496,0.0,0,1.2,28944,nominal,AC Power
105,normal,37.2,280976,42.2,442240,0.0,0,1.0,28944,nominal,AC Power
106,normal,36.7,281072,43.9,442544,0.0,0,1.2,28944,nominal,AC Power
107,normal,35.2,281152,52.1,443680,0.0,0,1.0,28944,nominal,AC Power
108,normal,36.3,281216,33.5,443680,0.0,0,1.1,28944,nominal,AC Power
109,normal,34.0,281296,35.6,443792,0.0,0,1.2,28928,nominal,AC Power
111,normal,30.4,282000,64.4,465792,0.0,0,0.9,28992,nominal,AC Power
112,normal,33.8,282272,30.6,468176,0.0,0,1.2,29024,nominal,AC Power
113,normal,35.5,282416,29.8,468784,0.0,0,1.2,29056,nominal,AC Power
114,normal,34.5,282464,37.7,468704,0.0,0,1.0,29040,nominal,AC Power
115,normal,33.7,282608,30.6,469360,0.0,0,1.1,29072,nominal,AC Power
116,normal,32.0,282656,34.1,469920,0.0,0,1.3,29056,nominal,AC Power
118,normal,35.3,282672,37.2,468944,0.0,0,1.2,29056,nominal,AC Power
119,normal,36.2,282640,23.5,469280,0.0,0,1.1,29056,nominal,AC Power
120,normal,31.2,282704,32.9,468880,0.0,0,1.1,29024,nominal,AC Power
121,normal,34.2,283520,30.1,469728,0.0,0,1.4,29104,nominal,AC Power
122,normal,32.4,283552,29.6,469856,0.0,0,1.1,29056,nominal,AC Power
123,normal,33.4,283648,25.0,470192,0.0,0,1.4,29088,nominal,AC Power
124,normal,36.6,283760,25.7,470256,0.0,0,1.3,29104,nominal,AC Power
126,normal,32.5,283792,33.8,470304,0.0,0,1.3,29072,nominal,AC Power
127,normal,34.4,283888,31.4,470480,0.0,0,1.1,29104,nominal,AC Power
128,normal,38.1,283952,17.2,470704,0.0,0,1.1,29072,nominal,AC Power
129,normal,37.3,284048,28.1,471184,0.0,0,1.1,29120,nominal,AC Power
130,normal,34.4,284128,55.9,473808,0.0,0,1.0,29280,nominal,AC Power
131,normal,36.2,284928,36.9,476176,0.0,0,1.1,29120,nominal,AC Power
133,normal,36.6,284928,28.7,474496,0.0,0,1.1,29056,nominal,AC Power
134,normal,30.0,284880,32.1,474416,0.0,0,1.1,29040,nominal,AC Power
135,normal,36.6,285024,24.8,475424,0.0,0,1.3,29088,nominal,AC Power
136,normal,37.3,285040,24.7,475456,0.0,0,1.1,29024,nominal,AC Power
137,normal,34.7,285088,35.9,475328,0.0,0,1.3,29040,nominal,AC Power
138,normal,37.1,285712,33.7,475312,0.0,0,1.4,29056,nominal,AC Power
139,normal,36.0,285760,30.8,475504,0.0,0,1.2,29024,nominal,AC Power
141,normal,34.7,285840,33.3,475680,0.0,0,1.3,29056,nominal,AC Power
142,normal,31.2,285888,33.6,476000,0.0,0,1.2,29024,nominal,AC Power
143,normal,36.5,286048,36.6,475744,0.0,0,1.2,29056,nominal,AC Power
144,normal,37.3,286128,32.2,475968,0.0,0,1.3,29024,nominal,AC Power
145,normal,38.5,286256,34.0,475872,0.0,0,1.1,29040,nominal,AC Power
146,normal,36.3,286304,36.0,475952,0.0,0,1.2,29024,nominal,AC Power
148,normal,38.7,286368,34.8,476096,0.0,0,1.1,29040,nominal,AC Power
149,normal,33.3,286368,33.7,476144,0.0,0,1.2,29024,nominal,AC Power
150,normal,34.5,286464,33.3,476432,0.0,0,1.2,29040,nominal,AC Power
151,normal,32.1,286544,33.7,476496,0.0,0,1.1,29216,nominal,AC Power
152,normal,32.8,287152,42.0,478016,0.0,0,1.2,29056,nominal,AC Power
153,normal,33.9,287248,34.0,478048,0.0,0,1.3,29056,nominal,AC Power
155,normal,38.0,287280,31.8,478096,0.0,0,1.2,29056,nominal,AC Power
156,normal,32.5,287360,34.2,478176,0.0,0,1.2,29136,nominal,AC Power
157,normal,34.9,287712,37.2,477872,0.0,0,1.2,29104,nominal,AC Power
158,normal,32.7,287824,40.7,477840,0.0,0,1.3,29152,nominal,AC Power
159,normal,36.2,287840,37.4,477920,0.0,0,1.1,29104,nominal,AC Power
160,normal,33.4,287936,28.3,477936,0.0,0,1.4,29104,nominal,AC Power
161,normal,35.8,287936,35.7,478080,0.0,0,1.2,29088,nominal,AC Power
163,normal,35.0,288016,27.9,478256,0.0,0,1.3,29104,nominal,AC Power
164,normal,37.3,288144,32.7,478096,0.0,0,1.1,29136,nominal,AC Power
165,normal,32.1,286944,19.0,476416,0.0,0,1.1,29088,nominal,AC Power
166,normal,36.7,287296,41.9,476256,0.0,0,1.1,29136,nominal,AC Power
167,normal,37.9,287312,36.6,476272,0.0,0,1.2,29088,nominal,AC Power
168,normal,36.5,287440,37.4,476784,0.0,0,1.3,29120,nominal,AC Power
170,normal,29.2,286400,39.6,475856,0.0,0,1.2,29088,nominal,AC Power
171,normal,32.6,286384,38.3,475552,0.0,0,1.1,29136,nominal,AC Power
172,normal,33.8,286528,46.9,477072,0.0,0,1.2,29296,nominal,AC Power
173,normal,35.7,287072,32.4,479200,0.0,0,1.0,29120,nominal,AC Power
174,normal,37.7,287152,34.2,479216,0.0,0,1.2,29152,nominal,AC Power
175,normal,34.5,287968,28.9,479264,0.0,0,1.0,29120,nominal,AC Power
177,normal,33.4,288064,30.7,478720,0.0,0,1.0,29168,nominal,AC Power
178,normal,30.9,286352,29.2,477552,0.0,0,1.1,29040,nominal,AC Power
179,normal,40.6,286480,37.8,477920,0.0,0,1.3,29056,nominal,AC Power
180,normal,38.4,286512,32.9,477936,0.0,0,1.3,29040,nominal,AC Power
181,normal,34.1,288320,30.0,478256,0.0,0,1.2,29056,nominal,AC Power
182,normal,27.4,288384,35.8,478848,0.0,0,1.2,29072,nominal,AC Power
183,normal,36.7,288464,22.9,478960,0.0,0,1.0,29056,nominal,AC Power
185,normal,35.4,288560,23.0,479024,0.0,0,1.2,29072,nominal,AC Power
186,normal,35.3,288576,29.5,479184,0.0,0,1.2,29040,nominal,AC Power
187,normal,36.2,289296,27.8,479152,0.0,0,1.1,29072,nominal,AC Power
188,normal,37.1,289328,26.8,479104,0.0,0,1.2,29072,nominal,AC Power
189,normal,35.0,289392,32.3,479104,0.0,0,1.0,29056,nominal,AC Power
190,normal,34.4,289488,31.5,479104,0.0,0,1.2,29072,nominal,AC Power
192,normal,38.6,289520,34.6,479120,0.0,0,1.5,29040,nominal,AC Power
193,normal,30.6,290464,69.9,481232,0.0,0,1.1,29296,nominal,AC Power
194,normal,36.2,290368,39.9,481344,0.0,0,1.1,29056,nominal,AC Power
195,normal,35.0,290448,33.7,481408,0.0,0,1.1,29104,nominal,AC Power
196,normal,33.8,290464,28.8,481392,0.0,0,1.1,29056,nominal,AC Power
197,normal,34.9,290608,37.6,481392,0.0,0,1.2,29088,nominal,AC Power
199,normal,39.5,290608,33.9,481408,0.0,0,1.1,29072,nominal,AC Power
200,normal,38.7,290640,29.4,480896,0.0,0,1.2,29104,nominal,AC Power
201,normal,36.6,290608,34.6,480928,0.0,0,1.1,29072,nominal,AC Power
202,normal,31.2,290640,28.2,480928,0.0,0,1.0,29088,nominal,AC Power
203,normal,34.6,290480,32.3,481136,0.0,0,1.2,29088,nominal,AC Power
204,normal,36.4,290464,32.1,481136,0.0,0,1.2,29072,nominal,AC Power
206,normal,32.6,290496,32.6,481168,0.0,0,1.2,29120,nominal,AC Power
207,normal,37.8,290464,29.3,481168,0.0,0,1.3,29072,nominal,AC Power
208,normal,36.9,290528,38.2,481216,0.0,0,1.1,29104,nominal,AC Power
209,normal,35.1,290464,38.7,481248,0.0,0,1.2,29072,nominal,AC Power
210,normal,33.3,288736,32.9,482128,0.0,0,1.4,29088,nominal,AC Power
211,normal,36.2,288576,35.4,480208,0.0,0,1.6,29072,nominal,AC Power
213,normal,38.8,288576,35.7,575632,0.0,0,1.2,29056,nominal,AC Power
214,normal,31.9,288640,62.1,579808,0.0,0,1.0,29280,nominal,AC Power
215,normal,35.2,288448,36.9,580272,0.0,0,1.0,29040,nominal,AC Power
216,normal,34.4,286752,31.1,578448,0.0,0,1.2,29008,nominal,AC Power
217,normal,28.3,286736,29.1,578640,0.0,0,1.0,28976,nominal,AC Power
218,normal,34.7,286240,34.8,577008,0.0,0,1.2,29008,nominal,AC Power
220,normal,33.0,285616,31.2,576304,0.0,0,1.3,29056,nominal,AC Power
221,normal,35.3,285568,29.6,576320,0.0,0,1.8,29824,nominal,AC Power
222,normal,38.4,288432,34.9,575968,0.0,0,1.2,29664,nominal,AC Power
223,normal,35.7,288464,36.5,576336,0.0,0,1.4,29712,nominal,AC Power
224,normal,35.4,285808,25.5,572848,0.0,0,1.3,29440,nominal,AC Power
225,normal,32.7,285296,19.0,566784,0.0,0,1.2,29552,nominal,AC Power
227,normal,34.8,285680,27.2,568432,0.0,0,1.1,29632,nominal,AC Power
228,normal,39.0,285792,34.9,568960,0.0,0,1.3,29584,nominal,AC Power
229,normal,34.7,286672,29.9,569312,0.0,0,1.2,29600,nominal,AC Power
230,normal,36.0,286784,38.2,570144,0.0,0,1.0,29584,nominal,AC Power
231,normal,34.5,286848,40.9,570752,0.0,0,1.0,29600,nominal,AC Power
232,normal,33.7,286944,34.6,571232,0.0,0,1.2,29616,nominal,AC Power
234,normal,35.8,287024,37.0,571296,0.0,0,1.2,29664,nominal,AC Power
235,normal,33.3,287936,65.3,574592,0.0,0,1.2,29904,nominal,AC Power
236,normal,36.7,285840,37.5,573936,0.0,0,1.2,29696,nominal,AC Power
237,normal,34.7,284400,26.2,572560,0.0,0,1.2,29712,nominal,AC Power
238,normal,36.3,283136,33.4,552608,0.0,0,1.1,29584,nominal,AC Power
239,normal,31.9,283248,31.7,552400,0.0,0,1.3,29632,nominal,AC Power
241,normal,34.6,283328,31.7,552992,0.0,0,1.3,29584,nominal,AC Power
242,normal,34.7,283376,33.3,554688,0.0,0,1.1,29600,nominal,AC Power
243,normal,38.8,283424,32.6,554752,0.0,0,1.2,29584,nominal,AC Power
244,normal,37.0,283520,29.5,554512,0.0,0,1.2,29616,nominal,AC Power
245,normal,32.7,283584,35.5,554544,0.0,0,1.1,29600,nominal,AC Power
246,normal,36.4,283648,37.7,554608,0.0,0,1.3,29616,nominal,AC Power
247,normal,33.4,284064,40.8,554544,0.0,0,1.3,29648,nominal,AC Power
249,normal,33.7,284144,36.9,554560,0.0,0,1.2,29600,nominal,AC Power
250,normal,39.4,284272,36.7,554752,0.0,0,1.1,29632,nominal,AC Power
251,normal,36.6,284336,41.1,554896,0.0,0,1.2,29600,nominal,AC Power
252,normal,35.7,284448,32.8,554720,0.0,0,1.2,29632,nominal,AC Power
253,normal,35.9,284480,36.2,554976,0.0,0,1.2,29600,nominal,AC Power
254,normal,33.3,284608,34.6,555072,0.0,0,1.3,29632,nominal,AC Power
256,normal,32.1,284640,34.1,555120,0.0,0,1.3,29600,nominal,AC Power
257,normal,35.4,286064,38.6,568032,0.0,0,1.1,29856,nominal,AC Power
258,normal,36.4,285920,36.1,568128,0.0,0,1.2,29600,nominal,AC Power
259,normal,36.0,286064,36.5,567792,0.0,0,1.3,29648,nominal,AC Power
260,normal,30.9,286080,31.3,567680,0.0,0,1.2,29600,nominal,AC Power
261,normal,37.2,318592,36.6,567824,0.0,0,1.4,29632,nominal,AC Power
262,normal,31.7,318640,38.3,567728,0.0,0,1.2,29600,nominal,AC Power
264,normal,36.5,318704,38.1,567872,0.0,0,1.1,29616,nominal,AC Power
265,normal,35.1,319776,34.3,567952,0.0,0,1.2,29632,nominal,AC Power
266,normal,36.6,319872,35.0,567984,0.0,0,1.2,29616,nominal,AC Power
267,normal,38.9,319968,36.1,568112,0.0,0,1.2,29632,nominal,AC Power
268,normal,33.4,320000,32.1,568112,0.0,0,1.3,29600,nominal,AC Power
269,normal,35.7,320112,33.5,568272,0.0,0,1.2,29632,nominal,AC Power
271,normal,32.1,320128,32.8,568464,0.0,0,1.1,29616,nominal,AC Power
272,normal,34.8,320224,31.3,568496,0.0,0,1.3,29664,nominal,AC Power
273,normal,36.1,319664,29.1,565056,0.0,0,1.0,29584,nominal,AC Power
274,normal,36.2,319440,26.8,482288,0.0,0,1.1,29600,nominal,AC Power
275,normal,33.9,302832,29.1,481376,0.0,0,1.2,29632,nominal,AC Power
276,normal,34.7,285824,21.7,481952,0.0,0,1.5,29584,nominal,AC Power
278,normal,34.4,286832,72.8,484096,0.0,0,1.3,29872,nominal,AC Power
279,normal,40.6,286672,41.4,487392,0.0,0,1.2,29584,nominal,AC Power
280,normal,33.7,286816,37.9,489920,0.0,0,1.1,29616,nominal,AC Power
281,normal,33.3,286880,28.2,490112,0.0,0,1.2,29568,nominal,AC Power
282,normal,34.2,286944,31.4,490576,0.0,0,1.1,29648,nominal,AC Power
283,normal,34.4,287616,24.7,490608,0.0,0,1.1,29632,nominal,AC Power
284,normal,29.5,287712,28.6,490288,0.0,0,1.2,29664,nominal,AC Power
286,normal,34.0,284784,30.2,487440,0.0,0,1.3,29456,nominal,AC Power
287,normal,38.9,284832,33.8,487808,0.0,0,1.3,29488,nominal,AC Power
288,normal,36.1,284976,34.7,488048,0.0,0,1.2,29536,nominal,AC Power
289,normal,34.7,284992,37.5,487920,0.0,0,1.1,29488,nominal,AC Power
290,normal,34.2,285088,37.9,487920,0.0,0,1.2,29536,nominal,AC Power
291,normal,34.3,285168,31.5,488000,0.0,0,1.3,29488,nominal,AC Power
292,normal,35.5,285264,26.3,488096,0.0,0,1.4,29536,nominal,AC Power
294,normal,40.5,285296,35.6,488192,0.0,0,1.0,29488,nominal,AC Power
295,normal,31.3,285376,32.8,488304,0.0,0,1.2,29504,nominal,AC Power
296,normal,35.3,285520,27.5,488320,0.0,0,1.3,29520,nominal,AC Power
297,normal,39.6,285568,16.8,488352,0.0,0,1.3,29488,nominal,AC Power
298,normal,33.1,285008,57.6,488560,0.0,0,1.2,29776,nominal,AC Power
299,normal,41.7,284896,32.4,488672,0.0,0,1.0,29488,nominal,AC Power
301,normal,39.1,285312,37.6,488688,0.0,0,1.2,29520,nominal,AC Power
302,normal,32.6,285344,39.3,488720,0.0,0,1.3,29504,nominal,AC Power
303,normal,36.3,285472,36.6,488848,0.0,0,1.2,29536,nominal,AC Power
304,normal,36.1,285488,37.1,488960,0.0,0,1.3,29488,nominal,AC Power
305,normal,36.8,285584,37.4,489008,0.0,0,1.3,29536,nominal,AC Power
306,normal,40.1,285600,30.5,489072,0.0,0,1.3,29488,nominal,AC Power
307,normal,33.2,285712,27.1,489088,0.0,0,1.1,29520,nominal,AC Power
309,normal,36.9,285776,31.1,489104,0.0,0,1.2,29488,nominal,AC Power
310,normal,35.9,285824,35.6,489168,0.0,0,1.1,29504,nominal,AC Power
311,normal,31.9,285920,37.0,489248,0.0,0,1.3,29488,nominal,AC Power
312,normal,33.0,286048,33.2,489328,0.0,0,1.3,29536,nominal,AC Power
313,normal,37.0,286064,35.7,489328,0.0,0,1.2,29520,nominal,AC Power
314,normal,37.6,286240,30.4,489456,0.0,0,1.3,29520,nominal,AC Power
316,normal,37.2,286320,29.7,489456,0.0,0,1.2,29520,nominal,AC Power
317,normal,33.7,286368,26.0,489120,0.0,0,1.1,29488,nominal,AC Power
318,normal,35.6,286496,44.1,489136,0.0,0,1.1,29520,nominal,AC Power
319,normal,35.7,286912,34.0,489216,0.0,0,1.1,29520,nominal,AC Power
320,normal,34.2,287360,44.1,490416,0.0,0,1.1,29776,nominal,AC Power
321,normal,34.7,287168,36.7,490544,0.0,0,1.3,29520,nominal,AC Power
322,normal,35.6,287280,31.2,490560,0.0,0,1.2,29552,nominal,AC Power
324,normal,35.9,288944,32.1,490640,0.0,0,1.2,29504,nominal,AC Power
325,normal,36.3,289008,39.9,490672,0.0,0,1.0,29536,nominal,AC Power
326,normal,35.1,289104,36.3,490736,0.0,0,1.1,29504,nominal,AC Power
327,normal,33.7,289168,29.2,490752,0.0,0,1.2,29520,nominal,AC Power
328,normal,32.6,289216,33.4,490768,0.0,0,1.1,29504,nominal,AC Power
329,normal,36.6,289888,33.4,490768,0.0,0,1.4,29536,nominal,AC Power
331,normal,34.2,289952,35.8,490768,0.0,0,1.4,29552,nominal,AC Power
332,normal,37.8,289984,29.9,490784,0.0,0,1.3,29520,nominal,AC Power
333,normal,36.8,290080,36.6,490800,0.0,0,1.3,29536,nominal,AC Power
334,normal,33.8,290112,35.0,490800,0.0,0,1.2,29504,nominal,AC Power
335,normal,30.1,290208,34.7,490816,0.0,0,1.0,29536,nominal,AC Power
336,normal,33.1,290240,35.5,490864,0.0,0,1.3,29504,nominal,AC Power
337,normal,32.4,291072,37.8,490864,0.0,0,1.2,29536,nominal,AC Power
339,normal,38.2,291072,32.8,490896,0.0,0,1.5,29504,nominal,AC Power
340,normal,38.6,291136,38.1,490912,0.0,0,1.2,29520,nominal,AC Power
341,normal,35.0,291232,36.6,490320,0.0,0,1.2,29616,nominal,AC Power
342,normal,35.4,291312,38.8,491728,0.0,0,1.2,29632,nominal,AC Power
343,normal,34.7,291280,33.6,494016,0.0,0,1.1,29616,nominal,AC Power
344,normal,34.2,291056,37.6,510592,0.0,0,1.4,29632,nominal,AC Power
346,normal,32.5,290064,29.1,509040,0.0,0,1.0,29648,nominal,AC Power
347,normal,34.0,290384,31.4,508384,0.0,0,1.2,29552,nominal,AC Power
348,normal,30.4,290384,36.6,508224,0.0,0,1.1,29584,nominal,AC Power
349,normal,33.5,290352,27.5,508400,0.0,0,1.1,29568,nominal,AC Power
350,normal,37.7,290400,42.1,508320,0.0,0,1.2,29584,nominal,AC Power
351,normal,32.5,290416,33.4,508544,0.0,0,1.1,29632,nominal,AC Power
353,normal,31.2,290480,40.3,508480,0.0,0,1.0,29712,nominal,AC Power
354,normal,36.3,290480,34.7,508512,0.0,0,1.3,29632,nominal,AC Power
355,normal,31.4,290656,36.6,508672,0.0,0,1.3,29600,nominal,AC Power
356,normal,35.9,290656,41.3,508736,0.0,0,1.3,29632,nominal,AC Power
357,normal,35.4,290624,35.6,508960,0.0,0,1.5,29600,nominal,AC Power
358,normal,35.2,290528,33.4,507520,0.0,0,1.1,29632,nominal,AC Power
359,normal,30.4,290464,42.7,507488,0.0,0,1.0,29600,nominal,AC Power
361,normal,31.5,290512,35.6,507488,0.0,0,1.0,29632,nominal,AC Power
362,normal,34.0,290208,32.5,496960,0.0,0,1.3,29584,nominal,AC Power
363,normal,34.9,289616,39.3,498032,0.0,0,1.1,29840,nominal,AC Power
364,normal,35.9,289200,30.2,498064,0.0,0,1.3,29584,nominal,AC Power
365,normal,36.4,289232,34.0,498528,0.0,0,1.3,29600,nominal,AC Power
366,normal,33.5,289248,31.0,498512,0.0,0,1.2,29600,nominal,AC Power
368,normal,35.0,289296,34.1,498464,0.0,0,1.4,29616,nominal,AC Power
369,normal,32.7,289264,27.6,498464,0.0,0,1.2,29616,nominal,AC Power
370,normal,33.7,289264,29.3,498480,0.0,0,1.2,29600,nominal,AC Power
371,normal,37.5,289296,40.4,498528,0.0,0,1.3,29616,nominal,AC Power
372,normal,36.3,289264,39.4,498592,0.0,0,1.2,29584,nominal,AC Power
373,normal,37.0,288032,31.5,497584,0.0,0,1.2,29584,nominal,AC Power
374,normal,33.4,288016,34.2,497600,0.0,0,1.3,29552,nominal,AC Power
376,normal,37.2,288064,35.6,497632,0.0,0,1.2,29584,nominal,AC Power
377,normal,36.2,288016,36.0,497680,0.0,0,1.1,29552,nominal,AC Power
378,normal,35.1,288032,38.6,497712,0.0,0,1.2,29568,nominal,AC Power
379,normal,35.1,288032,30.6,497920,0.0,0,1.3,29552,nominal,AC Power
380,normal,36.5,288048,40.9,498096,0.0,0,1.3,29568,nominal,AC Power
381,normal,34.1,288048,36.9,498224,0.0,0,1.3,29600,nominal,AC Power
383,normal,35.1,288064,30.9,498224,0.0,0,1.2,29568,nominal,AC Power
384,normal,32.6,288112,40.7,498544,0.0,0,1.1,29776,nominal,AC Power
385,normal,34.6,320960,36.9,498848,0.0,0,1.2,29584,nominal,AC Power
386,normal,34.8,321024,33.6,498864,0.0,0,1.1,29584,nominal,AC Power
387,normal,36.3,321072,37.9,498528,0.0,0,1.2,29552,nominal,AC Power
388,normal,31.4,321136,31.7,498560,0.0,0,1.2,29584,nominal,AC Power
389,normal,33.5,321152,36.9,498512,0.0,0,1.2,29552,nominal,AC Power
391,normal,35.3,321504,37.1,498496,0.0,0,1.3,29584,nominal,AC Power
392,normal,32.0,321472,33.9,498560,0.0,0,1.2,29552,nominal,AC Power
393,normal,38.9,321536,37.0,498592,0.0,0,1.3,29568,nominal,AC Power
394,normal,36.2,321520,22.7,498592,0.0,0,1.1,29552,nominal,AC Power
395,normal,35.4,321552,24.1,499824,0.0,0,1.1,29568,nominal,AC Power
396,normal,35.8,321664,29.5,500240,0.0,0,1.1,29584,nominal,AC Power
398,normal,36.8,321696,30.0,500336,0.0,0,1.2,29552,nominal,AC Power
399,normal,34.8,321264,22.8,490752,0.0,0,1.3,29616,nominal,AC Power
400,normal,34.4,321296,30.7,490928,0.0,0,1.4,29552,nominal,AC Power
401,normal,34.1,321408,32.6,490928,0.0,0,1.3,29584,nominal,AC Power
402,normal,33.4,321424,35.8,490960,0.0,0,1.2,29600,nominal,AC Power
403,normal,41.5,321504,32.3,491120,0.0,0,1.4,29568,nominal,AC Power
404,normal,33.5,322064,73.7,495552,0.0,0,1.2,29792,nominal,AC Power
406,normal,35.5,321792,16.0,491264,0.0,0,1.2,29504,nominal,AC Power
407,normal,38.6,288544,35.6,489504,0.0,0,1.3,29456,nominal,AC Power
408,normal,33.5,288512,32.9,489632,0.0,0,1.0,29408,nominal,AC Power
409,normal,32.8,288320,32.1,487696,0.0,0,1.0,29472,nominal,AC Power
410,normal,33.0,288384,34.5,487552,0.0,0,1.3,29424,nominal,AC Power
411,normal,32.8,288496,36.3,487728,0.0,0,1.1,29456,nominal,AC Power
413,normal,36.2,288480,25.7,487664,0.0,0,1.2,29424,nominal,AC Power
414,normal,32.7,282448,28.3,470816,0.0,0,1.2,29328,nominal,AC Power
415,normal,32.4,282400,33.9,470528,0.0,0,1.6,29344,nominal,AC Power
416,normal,36.9,282480,33.4,470560,0.0,0,1.2,29280,nominal,AC Power
417,normal,32.3,282576,36.5,476016,0.0,0,1.4,29328,nominal,AC Power
418,normal,35.7,281808,31.0,474144,0.0,0,1.1,29136,nominal,AC Power
420,normal,34.5,281648,30.4,472080,0.0,0,1.3,29168,nominal,AC Power
421,normal,37.9,281744,37.1,472336,0.0,0,1.2,29120,nominal,AC Power
422,normal,36.8,281872,34.0,472496,0.0,0,1.2,29152,nominal,AC Power
423,normal,35.9,281952,33.8,472576,0.0,0,1.2,29136,nominal,AC Power
424,normal,32.3,282032,38.8,473152,0.0,0,1.2,29136,nominal,AC Power
425,normal,37.1,282096,32.7,473248,0.0,0,1.2,29184,nominal,AC Power
427,normal,35.0,283200,36.9,475632,0.0,0,1.2,29184,nominal,AC Power
428,normal,33.9,283472,34.2,475824,0.0,0,1.2,29184,nominal,AC Power
429,normal,37.6,283584,35.7,475728,0.0,0,1.2,29216,nominal,AC Power
430,normal,36.1,283712,29.0,475744,0.0,0,1.3,29216,nominal,AC Power
431,normal,37.7,283760,36.6,476192,0.0,0,1.1,29200,nominal,AC Power
432,normal,35.0,283840,36.9,475856,0.0,0,1.4,29216,nominal,AC Power
433,normal,37.9,283904,35.1,475968,0.0,0,1.0,29184,nominal,AC Power
435,normal,29.6,284000,33.5,476016,0.0,0,1.3,29264,nominal,AC Power
436,normal,34.0,284032,35.4,476048,0.0,0,1.2,29248,nominal,AC Power
437,normal,37.3,284192,30.7,476816,0.0,0,1.5,29264,nominal,AC Power
438,normal,36.9,284208,31.3,476832,0.0,0,1.1,29248,nominal,AC Power
439,normal,38.3,284272,32.9,476672,0.0,0,1.2,29248,nominal,AC Power
440,normal,35.0,284352,38.4,476672,0.0,0,1.1,29248,nominal,AC Power
442,normal,37.1,284416,41.4,477200,0.0,0,1.2,29248,nominal,AC Power
443,normal,30.5,284480,37.7,477136,0.0,0,1.3,29264,nominal,AC Power
444,normal,32.3,284576,34.8,477344,0.0,0,1.1,29248,nominal,AC Power
445,normal,36.5,285248,32.5,477456,0.0,0,1.1,29328,nominal,AC Power
446,normal,33.0,285280,34.1,477488,0.0,0,1.1,29296,nominal,AC Power
447,normal,30.8,285984,71.8,479488,0.0,0,1.0,29536,nominal,AC Power
449,normal,36.1,285856,35.6,479504,0.0,0,1.5,29312,nominal,AC Power
450,normal,32.5,285664,26.9,478256,0.0,0,1.1,29344,nominal,AC Power
451,normal,30.9,285104,32.2,476048,0.0,0,1.2,29296,nominal,AC Power
452,normal,31.9,284960,32.3,474624,0.0,0,1.0,29360,nominal,AC Power
453,normal,34.4,284352,19.0,474912,0.0,0,1.0,29296,nominal,AC Power
454,normal,29.2,282944,39.9,466720,0.0,0,1.1,29328,nominal,AC Power
456,normal,33.3,282992,38.5,466752,0.0,0,1.2,29344,nominal,AC Power
457,normal,36.3,283072,38.6,467120,0.0,0,1.1,29328,nominal,AC Power
458,normal,36.2,283216,32.4,467616,0.0,0,1.2,29360,nominal,AC Power
459,normal,35.9,283328,31.3,468592,0.0,0,1.2,29312,nominal,AC Power
460,normal,32.2,282096,28.8,464256,0.0,0,1.2,29328,nominal,AC Power
461,normal,29.4,282192,33.3,465648,0.0,0,1.3,29296,nominal,AC Power
462,normal,33.3,282304,24.8,466672,0.0,0,1.1,29360,nominal,AC Power
464,normal,34.3,282944,27.6,468368,0.0,0,1.1,29312,nominal,AC Power
465,normal,33.1,283360,29.4,468448,0.0,0,1.2,29376,nominal,AC Power
466,normal,30.8,285104,26.5,468592,0.0,0,1.2,29376,nominal,AC Power
467,normal,33.9,285120,20.6,469184,0.0,0,1.1,29328,nominal,AC Power
468,normal,36.7,286240,41.7,474064,0.0,0,1.2,29600,nominal,AC Power
469,normal,33.4,281456,22.3,463360,0.0,0,1.0,29232,nominal,AC Power
471,normal,31.0,279040,29.7,432480,0.0,0,1.3,29056,nominal,AC Power
472,normal,32.6,279152,25.3,432304,0.0,0,1.3,28960,nominal,AC Power
473,normal,24.1,279504,33.8,434320,0.0,0,1.5,29040,nominal,AC Power
474,normal,32.9,277920,27.6,432416,0.0,0,1.2,29040,nominal,AC Power
476,normal,34.2,273056,23.1,422112,0.0,0,1.3,28704,nominal,AC Power
477,normal,32.6,273392,32.1,430288,0.0,0,1.2,28960,nominal,AC Power
478,normal,33.0,273792,34.7,431840,0.0,0,1.1,29088,nominal,AC Power
479,normal,32.8,273184,33.0,431392,0.0,0,1.3,28944,nominal,AC Power
480,normal,29.2,273456,33.3,429744,0.0,0,1.2,28976,nominal,AC Power
482,normal,30.1,274848,31.6,431840,0.0,0,1.2,29200,nominal,AC Power
483,normal,32.2,275120,32.1,433968,0.0,0,1.3,29248,nominal,AC Power
484,normal,31.7,275264,25.1,434752,0.0,0,1.3,29280,nominal,AC Power
485,normal,32.4,274912,22.5,437600,0.0,0,1.4,29264,nominal,AC Power
487,normal,35.6,275024,20.0,438368,0.0,0,1.5,29376,nominal,AC Power
488,normal,32.0,274640,28.8,437360,0.0,0,1.4,29168,nominal,AC Power
489,normal,32.6,274976,23.8,437776,0.0,0,1.4,29248,nominal,AC Power
490,normal,33.2,275056,28.2,438224,0.0,0,1.2,29216,nominal,AC Power
492,normal,29.4,277232,83.8,460224,0.0,0,1.3,29488,nominal,AC Power
493,normal,31.8,276912,20.1,465232,0.0,0,1.1,29296,nominal,AC Power
494,normal,28.6,277072,25.1,465968,0.0,0,1.0,29312,nominal,AC Power
495,normal,31.1,277216,21.4,466880,0.0,0,1.0,29280,nominal,AC Power
497,normal,29.5,277360,30.9,468144,0.0,0,1.1,29328,nominal,AC Power
498,normal,34.4,277408,16.6,468368,0.0,0,1.0,29296,nominal,AC Power
499,normal,30.4,278368,28.4,469328,0.0,0,0.9,29312,nominal,AC Power
500,normal,33.6,278464,31.8,469776,0.0,0,1.1,29360,nominal,AC Power
501,normal,31.4,278528,26.9,469872,0.0,0,1.1,29392,nominal,AC Power
502,normal,31.2,278688,30.5,470016,0.0,0,1.0,29440,nominal,AC Power
503,normal,33.0,278736,34.9,470592,0.0,0,1.1,29392,nominal,AC Power
505,normal,38.9,278848,36.3,470624,0.0,0,1.1,29440,nominal,AC Power
506,normal,34.6,278880,35.9,470656,0.0,0,1.2,29456,nominal,AC Power
507,normal,36.0,279008,38.0,470752,0.0,0,1.3,29488,nominal,AC Power
508,normal,34.4,279056,30.7,470880,0.0,0,1.2,29456,nominal,AC Power
509,normal,27.2,306416,33.1,448832,0.0,0,1.0,29152,nominal,AC Power
511,normal,29.2,305968,31.1,430912,0.0,0,1.3,29024,nominal,AC Power
512,normal,32.0,272304,19.7,425920,0.0,0,1.4,28992,nominal,AC Power
513,normal,28.3,273952,37.2,446560,0.0,0,1.0,29232,nominal,AC Power
514,normal,30.3,274368,24.0,436656,0.0,0,1.1,28864,nominal,AC Power
516,normal,32.7,303344,27.8,416848,0.0,0,1.2,28880,nominal,AC Power
517,normal,32.9,304816,21.6,421456,0.0,0,1.0,28896,nominal,AC Power
518,normal,34.1,294224,26.7,424736,0.0,0,1.1,28848,nominal,AC Power
519,normal,32.6,294976,29.3,426704,0.0,0,1.2,28832,nominal,AC Power
521,normal,30.0,273584,26.4,425840,0.0,0,1.2,28736,nominal,AC Power
522,normal,31.9,271088,30.1,429232,0.0,0,1.2,28768,nominal,AC Power
523,normal,33.6,274032,30.7,430592,0.0,0,1.1,28864,nominal,AC Power
525,normal,32.2,274144,26.8,433952,0.0,0,1.4,28976,nominal,AC Power
526,normal,29.0,274256,28.5,437600,0.0,0,1.3,28992,nominal,AC Power
527,normal,33.4,275120,26.6,438592,0.0,0,1.3,28992,nominal,AC Power
528,normal,31.6,275216,35.7,442304,0.0,0,1.2,29008,nominal,AC Power
530,normal,33.3,275360,26.0,472032,0.0,0,1.2,28992,nominal,AC Power
531,normal,31.7,275440,33.6,472832,0.0,0,1.4,29040,nominal,AC Power
532,normal,30.8,275568,41.5,474224,0.0,0,1.1,29072,nominal,AC Power
533,normal,33.0,276528,31.1,484576,0.0,0,1.2,29088,nominal,AC Power
535,normal,34.8,276688,34.8,485184,0.0,0,1.3,29136,nominal,AC Power
536,normal,33.6,277008,41.5,485296,0.0,0,1.3,29088,nominal,AC Power
537,normal,37.9,277216,42.1,485824,0.0,0,1.2,29136,nominal,AC Power
538,normal,30.3,277280,43.8,486224,0.0,0,1.2,29088,nominal,AC Power
539,normal,35.5,277648,29.6,486688,0.0,0,1.2,29152,nominal,AC Power
540,normal,33.6,277712,36.7,486672,0.0,0,1.2,29120,nominal,AC Power
542,normal,34.1,278960,37.6,490224,0.0,0,1.2,29360,nominal,AC Power
543,normal,37.6,278800,34.5,490320,0.0,0,1.3,29104,nominal,AC Power
544,normal,33.0,278928,33.3,490368,0.0,0,1.5,29152,nominal,AC Power
545,normal,31.3,278976,39.0,490400,0.0,0,1.2,29104,nominal,AC Power
546,normal,30.7,279072,39.4,490672,0.0,0,1.3,29152,nominal,AC Power
547,normal,33.6,279152,36.5,490416,0.0,0,1.0,29104,nominal,AC Power
549,normal,30.0,279216,36.1,490992,0.0,0,1.0,29152,nominal,AC Power
550,normal,36.3,279072,33.4,484688,0.0,0,1.1,29104,nominal,AC Power
551,normal,38.1,277968,37.4,484880,0.0,0,1.1,29120,nominal,AC Power
552,normal,39.0,278016,37.6,484928,0.0,0,1.4,29104,nominal,AC Power
553,normal,33.9,278640,34.4,485040,0.0,0,1.1,29136,nominal,AC Power
554,normal,32.8,278736,28.9,485904,0.0,0,1.1,29104,nominal,AC Power
555,normal,32.5,278864,32.5,485792,0.0,0,1.3,29120,nominal,AC Power
557,normal,34.2,278944,34.8,485968,0.0,0,1.3,29104,nominal,AC Power
558,normal,34.8,279040,36.0,486304,0.0,0,1.2,29136,nominal,AC Power
559,normal,36.1,279136,34.8,486224,0.0,0,1.2,29152,nominal,AC Power
560,normal,35.7,279216,38.1,485968,0.0,0,1.2,29104,nominal,AC Power
561,normal,35.3,279264,39.3,485968,0.0,0,1.3,29152,nominal,AC Power
562,normal,36.7,279312,37.7,485984,0.0,0,1.1,29120,nominal,AC Power
564,normal,33.6,280256,52.8,488400,0.0,0,1.6,29392,nominal,AC Power
565,normal,37.1,280144,37.1,488528,0.0,0,1.2,29184,nominal,AC Power
566,normal,34.2,280272,33.6,488544,0.0,0,1.0,29216,nominal,AC Power
567,normal,36.0,280304,31.8,488432,0.0,0,1.2,29184,nominal,AC Power
568,normal,33.7,280384,36.7,488608,0.0,0,1.0,29232,nominal,AC Power
569,normal,32.6,280448,37.0,488608,0.0,0,1.3,29184,nominal,AC Power
571,normal,33.9,280544,36.5,488576,0.0,0,1.2,29216,nominal,AC Power
572,normal,37.4,281376,30.3,488448,0.0,0,1.1,29184,nominal,AC Power
573,normal,40.3,281504,42.8,488544,0.0,0,1.3,29216,nominal,AC Power
574,normal,37.1,281536,43.8,488560,0.0,0,1.1,29216,nominal,AC Power
575,normal,36.6,281616,34.3,488496,0.0,0,1.2,29216,nominal,AC Power
576,normal,31.8,281680,40.8,489040,0.0,0,1.1,29216,nominal,AC Power
578,normal,31.3,279296,32.9,481488,0.0,0,1.3,29184,nominal,AC Power
579,normal,29.5,279200,36.6,480512,0.0,0,1.4,29104,nominal,AC Power
580,normal,33.8,279264,34.7,481728,0.0,0,1.2,29104,nominal,AC Power
581,normal,36.2,279600,34.2,481888,0.0,0,1.2,29200,nominal,AC Power
582,normal,32.8,279584,30.8,482128,0.0,0,1.1,29168,nominal,AC Power
583,normal,32.1,279856,32.5,482208,0.0,0,1.3,29216,nominal,AC Power
585,normal,34.9,279904,35.4,482224,0.0,0,1.2,29184,nominal,AC Power
586,normal,34.6,280448,35.9,483616,0.0,0,1.3,29424,nominal,AC Power
587,normal,36.7,280336,42.4,483792,0.0,0,1.0,29184,nominal,AC Power
588,normal,33.3,280432,38.7,484128,0.0,0,1.0,29216,nominal,AC Power
589,normal,32.8,280928,39.2,485152,0.0,0,1.0,29184,nominal,AC Power
590,normal,33.8,281840,36.0,485856,0.0,0,1.1,29232,nominal,AC Power
591,normal,29.8,281856,30.4,485520,0.0,0,1.4,29184,nominal,AC Power
593,normal,34.6,281984,39.8,485536,0.0,0,1.3,29216,nominal,AC Power
594,normal,35.2,282016,26.7,485360,0.0,0,1.3,29200,nominal,AC Power
595,normal,32.9,281168,33.5,468608,0.0,0,1.2,29184,nominal,AC Power
596,normal,33.8,281200,32.8,467792,0.0,0,1.2,29280,nominal,AC Power
597,normal,37.1,281312,38.0,467680,0.0,0,1.2,29248,nominal,AC Power
599,normal,34.3,280816,32.3,464848,0.0,0,1.2,29280,nominal,AC Power
